timestamp,daily_apr,avg_7day_apr,avg_30day_apr,all_time_apr,oracle_rate,dex_rate,nav_ratio,premium_or_discount,premium_or_discount_perc,cum_withdraw,cum_deposit,cum_netflow,withdraw,deposit,daily_netflow,withdrawers,depositors,first_time_deposits,repeat_deposits,first_time_depositors,repeat_depositors,addresses,token_balance_usd,active_address,balance_tracked,num_month,month_change,total_unique_holders,holder_weighted_retention_rate,holder_month_1_retention,holder_month_2_retention,holder_month_3_retention,holder_month_4_retention,holder_month_5_retention,holder_month_6_retention,holder_month_12_retention,deposit_weighted_retention_rate,deposit_week_1_retention,deposit_week_2_retention,deposit_week_3_retention,deposit_week_4_retention,deposit_week_8_retention,deposit_week_12_retention,liquid_weighted_retention_rate,liquid_week_1_retention,liquid_week_2_retention,liquid_week_3_retention,liquid_week_4_retention,liquid_week_8_retention,liquid_week_12_retention,future_apr_change,future_apr_change_pct,target_label
2025-07-31 00:00:00+00:00,0.026785879064019757,0.025133791980853,0.025906722843788355,0,1.0734291760847188,1.0715033226123922,0.9982058867830005,-0.0019258534723265441,-0.001794113216999562,-3226804.3745183,6165556.275293224,2938751.9007749213,-4130.960912970359,12445.861193765948,8314.90028079559,81,60,10263.03355982616,2182.8276339397903,27,33,69635,7562923349.345387,139270,130.95960206948592,40165,-3.370543232449598,315975,0.5812322443181818,0.908203125,0.787109375,0.7578125,0.73046875,0.681640625,0.638671875,0.0,0.9154515843450728,0.9687863625704214,0.964896415511633,0.9532820869138964,0.9533915260313138,0.9133213329784766,0.8885688711716796,0.4337854369172313,0.7363901745493467,0.7046764861426927,0.6989852608729964,0.698428428122537,0.422133483600311,0.3395712787680893,0.0003672374970764003,0.014611304866220066,1
2025-08-01 00:00:00+00:00,0.026844889308722638,0.0255010294779294,0.025863915743106505,0,1.0735118304480815,1.0716422593473631,0.9982584531928838,-0.0018695711007183924,-0.0017415468071162639,-3244574.832852105,6176662.347001924,2932087.514149817,-17770.458333805316,11106.071708701067,-6664.386625104247,67,68,1232.6416235422598,9873.430085158809,32,36,69635,7562923349.345387,139270,130.95960206948592,40165,-3.370543232449598,315975,0.5812322443181818,0.908203125,0.787109375,0.7578125,0.73046875,0.681640625,0.638671875,0.0,0.9154515843450728,0.9687863625704214,0.964896415511633,0.9532820869138964,0.9533915260313138,0.9133213329784766,0.8885688711716796,0.4337854369172313,0.7363901745493467,0.7046764861426927,0.6989852608729964,0.698428428122537,0.422133483600311,0.3395712787680893,-0.00030961486324889917,-0.012141269179617406,0
2025-08-02 00:00:00+00:00,0.024323274494664898,0.0251914146146805,0.02586531737471809,0,1.0735896080111937,1.0716016127621877,0.998148272641453,-0.001987995249006058,-0.0018517273585469825,-3246657.1751069184,6178462.412998269,2931805.2378913495,-2082.342254813162,1800.0659963452888,-282.2762584678733,60,64,701.4100086118318,1098.6559877334569,25,39,69635,7562923349.345387,139270,130.95960206948592,40165,-3.370543232449598,315975,0.5812322443181818,0.908203125,0.787109375,0.7578125,0.73046875,0.681640625,0.638671875,0.0,0.9154515843450728,0.9687863625704214,0.964896415511633,0.9532820869138964,0.9533915260313138,0.9133213329784766,0.8885688711716796,0.4337854369172313,0.7363901745493467,0.7046764861426927,0.6989852608729964,0.698428428122537,0.422133483600311,0.3395712787680893,0.00033755289906150024,0.013399521393482546,1
2025-08-03 00:00:00+00:00,0.027433820393787237,0.025528967513742,0.025928864295376882,0,1.0736754779941722,1.0716419373438417,0.9981060006566141,-0.0020335406503304565,-0.0018939993433858553,-3247348.749099945,6180184.240134946,2932835.491035,-691.5739930265446,1721.8271366770884,1030.2531436505435,46,57,411.0373424390148,1310.789794238073,29,28,69635,7562923349.345387,139270,130.95960206948592,40165,-3.370543232449598,315975,0.5812322443181818,0.908203125,0.787109375,0.7578125,0.73046875,0.681640625,0.638671875,0.0,0.9154515843450728,0.9687863625704214,0.964896415511633,0.9532820869138964,0.9533915260313138,0.9133213329784766,0.8885688711716796,0.4337854369172313,0.7363901745493467,0.7046764861426927,0.6989852608729964,0.698428428122537,0.422133483600311,0.3395712787680893,7.699852880600072e-05,0.003016123890030145,1
2025-08-04 00:00:00+00:00,0.024260531092030337,0.025605966042548,0.025974154909783432,0,1.0737264042886672,1.07165037623932,0.9980665204459392,-0.002076028049347256,-0.0019334795540607045,-3251682.4601990418,6197134.784850797,2945452.3246517535,-4333.711099096614,16950.544715850294,12616.83361675368,67,73,257.9346812636603,16692.610034586636,27,46,68693,7472383414.213198,137386,134.45840828277983,40165,-3.370543232449598,315975,0.3970003060912151,0.9292929292929292,0.8740740740740741,0.7265993265993266,0.5811447811447812,0.432996632996633,0.3696969696969697,0.0,0.7211262295048531,0.9347493330081544,0.8764172049181976,0.9298166254710988,0.8569154480111096,0.6642177570754934,0.0,0.2349216602510069,0.9325435353508924,0.9029323593712426,0.82003290836542,0.3230578021008218,0.1522972502634871,0.0,-0.000333720458282602,-0.013032918099167881,0
2025-08-05 00:00:00+00:00,0.024385048526187687,0.0252722455842654,0.025945062522599253,0,1.073803259183197,1.0718394670484739,0.9981711806907563,-0.0019637921347230858,-0.0018288193092437352,-3268328.981961878,6202300.821804725,2933971.839842845,-16646.521762836117,5166.036953927762,-11480.484808908355,57,60,1392.6348087924375,3773.402145135324,34,26,68693,7472383414.213198,137386,134.45840828277983,40165,-3.370543232449598,315975,0.3970003060912151,0.9292929292929292,0.8740740740740741,0.7265993265993266,0.5811447811447812,0.432996632996633,0.3696969696969697,0.0,0.7211262295048531,0.9347493330081544,0.8764172049181976,0.9298166254710988,0.8569154480111096,0.6642177570754934,0.0,0.2349216602510069,0.9325435353508924,0.9029323593712426,0.82003290836542,0.3230578021008218,0.1522972502634871,0.0,0.0004017498651572998,0.01589688038673662,1
2025-08-06 00:00:00+00:00,0.02523378901377972,0.0256739954494227,0.025967552247379233,0,1.0738821761313957,1.0716818885279327,0.9979510903036035,-0.0022002876034630248,-0.002048909696396532,-3269663.994257123,6205783.729634158,2936119.7353770337,-1335.012295245256,3482.9078294338633,2147.8955341886076,42,74,1104.0694722466646,2378.8383571871987,42,32,68693,7472383414.213198,137386,134.45840828277983,40165,-3.370543232449598,315975,0.3970003060912151,0.9292929292929292,0.8740740740740741,0.7265993265993266,0.5811447811447812,0.432996632996633,0.3696969696969697,0.0,0.7211262295048531,0.9347493330081544,0.8764172049181976,0.9298166254710988,0.8569154480111096,0.6642177570754934,0.0,0.2349216602510069,0.9325435353508924,0.9029323593712426,0.82003290836542,0.3230578021008218,0.1522972502634871,0.0,-0.0003767406899255997,-0.014674018723255286,0
2025-08-07 00:00:00+00:00,0.023768035644381937,0.0252972547594971,0.025957123127049612,0,1.0739317674177746,1.0718592480683535,0.9980701573300096,-0.002072519349421098,-0.0019298426699904656,-3296356.4300587447,6210239.763154928,2913883.3330961815,-26692.43580162135,4456.03352076895,-22236.4022808524,42,71,103.57172569375814,4352.461795075194,28,43,68693,7472383414.213198,137386,134.45840828277983,40165,-3.370543232449598,315975,0.3970003060912151,0.9292929292929292,0.8740740740740741,0.7265993265993266,0.5811447811447812,0.432996632996633,0.3696969696969697,0.0,0.7211262295048531,0.9347493330081544,0.8764172049181976,0.9298166254710988,0.8569154480111096,0.6642177570754934,0.0,0.2349216602510069,0.9325435353508924,0.9029323593712426,0.82003290836542,0.3230578021008218,0.1522972502634871,0.0,-7.866839733298991e-06,-0.00031097602518888426,0
2025-08-08 00:00:00+00:00,0.026559622195924983,0.0252893879197638,0.025989182520423718,0,1.074028570544517,1.0723214630033155,0.9984105566760334,-0.0017071075412014025,-0.0015894433239666275,-3300486.1716418024,6213269.839762733,2912783.66812093,-4129.741583057531,3030.076607805897,-1099.664975251634,110,72,302.1274945625841,2727.949113243313,31,41,68693,7472383414.213198,137386,134.45840828277983,40165,-3.370543232449598,315975,0.3970003060912151,0.9292929292929292,0.8740740740740741,0.7265993265993266,0.5811447811447812,0.432996632996633,0.3696969696969697,0.0,0.7211262295048531,0.9347493330081544,0.8764172049181976,0.9298166254710988,0.8569154480111096,0.6642177570754934,0.0,0.2349216602510069,0.9325435353508924,0.9029323593712426,0.82003290836542,0.3230578021008218,0.1522972502634871,0.0,0.00022060734609969865,0.008723316942253583,1
2025-08-09 00:00:00+00:00,0.025762739606079988,0.0255099952658635,0.02594147045825466,0,1.0741014830958364,1.0724278111225582,0.9984417934435262,-0.001673671973278168,-0.001558206556473803,-3322954.317245399,6235701.700727405,2912747.383482005,-22468.1456035967,22431.86096467191,-36.28463892478976,129,58,204.39555329570405,22227.46541137621,22,36,68693,7472383414.213198,137386,134.45840828277983,40165,-3.370543232449598,315975,0.3970003060912151,0.9292929292929292,0.8740740740740741,0.7265993265993266,0.5811447811447812,0.432996632996633,0.3696969696969697,0.0,0.7211262295048531,0.9347493330081544,0.8764172049181976,0.9298166254710988,0.8569154480111096,0.6642177570754934,0.0,0.2349216602510069,0.9325435353508924,0.9029323593712426,0.82003290836542,0.3230578021008218,0.1522972502634871,0.0,-0.0004753231592452001,-0.018632820362819096,0
2025-08-10 00:00:00+00:00,0.024389084818951752,0.0250346721066183,0.025816415205166254,0,1.0741779987728906,1.0724660347950283,0.9984062567099513,-0.0017119639778622187,-0.0015937432900486848,-3331442.7316288888,6236290.606252191,2904847.874623301,-8488.414383489455,588.9055247853059,-7899.508858704149,61,43,92.32935530573948,496.5761694795665,16,27,68693,7472383414.213198,137386,134.45840828277983,40165,-3.370543232449598,315975,0.3970003060912151,0.9292929292929292,0.8740740740740741,0.7265993265993266,0.5811447811447812,0.432996632996633,0.3696969696969697,0.0,0.7211262295048531,0.9347493330081544,0.8764172049181976,0.9298166254710988,0.8569154480111096,0.6642177570754934,0.0,0.2349216602510069,0.9325435353508924,0.9029323593712426,0.82003290836542,0.3230578021008218,0.1522972502634871,0.0,2.1650554591502724e-05,0.0008648227745622867,1
2025-08-11 00:00:00+00:00,0.024658488697075178,0.0250563226612098,0.02579207276608403,0,1.0742553248434954,1.0724185953947714,0.9982902300726397,-0.0018367294487240393,-0.0017097699273602633,-3353195.3349594385,6248543.409101366,2895348.074141926,-21752.60333054984,12252.802849174968,-9499.800481374874,100,37,29.65278519148129,12223.150063983489,15,22,68503,8335190034.925445,137006,132.07163271983623,40165,-3.370543232449598,315975,0.4632689832689833,0.7791505791505792,0.7474903474903475,0.6131274131274131,0.661003861003861,0.6162162162162163,0.4023166023166023,0.0,0.5939134072497437,0.7976550869598067,0.7810683407715068,0.7547952507007812,0.6977900814864954,0.6021158736390892,0.0,0.836474519278147,0.8947842814226492,0.8778518469480018,0.8090264422180866,0.8213940072582195,0.8205567364767928,0.0,0.00017116154403950049,0.00683107199543208,1
2025-08-12 00:00:00+00:00,0.025526933974909762,0.0252274842052493,0.025816053262129008,0,1.0743368617473281,1.0722104608789889,0.9980207317238646,-0.002126400868339262,-0.0019792682761353183,-3356226.7698024753,6250408.118758802,2894181.3489563256,-3031.4348430370137,1864.7096574363495,-1166.7251856006642,80,45,1328.5854929829106,536.1241644534391,25,20,68503,8335190034.925445,137006,132.07163271983623,40165,-3.370543232449598,315975,0.4632689832689833,0.7791505791505792,0.7474903474903475,0.6131274131274131,0.661003861003861,0.6162162162162163,0.4023166023166023,0.0,0.5939134072497437,0.7976550869598067,0.7810683407715068,0.7547952507007812,0.6977900814864954,0.6021158736390892,0.0,0.836474519278147,0.8947842814226492,0.8778518469480018,0.8090264422180866,0.8213940072582195,0.8205567364767928,0.0,0.0005709992141235999,0.022634013343462413,1
2025-08-13 00:00:00+00:00,0.02908707400959606,0.0257984834193729,0.02592325882908201,0,1.0744280650396623,1.0719580859708278,0.997701121974375,-0.0024699790688345047,-0.002298878025625034,-3373977.0514023043,6250964.07205571,2876987.0206534043,-17750.281599828904,555.9532969075091,-17194.328302921396,127,42,84.44555570414595,471.50774120336314,23,19,68503,8335190034.925445,137006,132.07163271983623,40165,-3.370543232449598,315975,0.4632689832689833,0.7791505791505792,0.7474903474903475,0.6131274131274131,0.661003861003861,0.6162162162162163,0.4023166023166023,0.0,0.5939134072497437,0.7976550869598067,0.7810683407715068,0.7547952507007812,0.6977900814864954,0.6021158736390892,0.0,0.836474519278147,0.8947842814226492,0.8778518469480018,0.8090264422180866,0.8213940072582195,0.8205567364767928,0.0,0.00014582266567339866,0.005652373564094693,1
2025-08-14 00:00:00+00:00,0.02525285248908853,0.0259443060850463,0.025898576208724496,0,1.0744812973522342,1.0718066861443742,0.997510788494457,-0.002674611207859945,-0.0024892115055429945,-3376374.1244894187,6251374.217290385,2875000.0928009655,-2397.0730871143064,410.1452346753623,-1986.927852438944,56,29,34.859768269299,375.2854664060633,17,12,68503,8335190034.925445,137006,132.07163271983623,40165,-3.370543232449598,315975,0.4632689832689833,0.7791505791505792,0.7474903474903475,0.6131274131274131,0.661003861003861,0.6162162162162163,0.4023166023166023,0.0,0.5939134072497437,0.7976550869598067,0.7810683407715068,0.7547952507007812,0.6977900814864954,0.6021158736390892,0.0,0.836474519278147,0.8947842814226492,0.8778518469480018,0.8090264422180866,0.8213940072582195,0.8205567364767928,0.0,0.0002778101257213013,0.01070794203593769,1
2025-08-15 00:00:00+00:00,0.02849475048930927,0.0262221162107676,0.025939990573177852,0,1.0745705855082817,1.0719996404809422,0.9976074675205041,-0.002570945027339455,-0.0023925324794958677,-3381893.9114325345,6257840.765838238,2875946.8544057035,-5519.786943115532,6466.548547853523,946.7616047379906,60,144,2178.8012808315234,4287.747267021997,104,40,68503,8335190034.925445,137006,132.07163271983623,40165,-3.370543232449598,315975,0.4632689832689833,0.7791505791505792,0.7474903474903475,0.6131274131274131,0.661003861003861,0.6162162162162163,0.4023166023166023,0.0,0.5939134072497437,0.7976550869598067,0.7810683407715068,0.7547952507007812,0.6977900814864954,0.6021158736390892,0.0,0.836474519278147,0.8947842814226492,0.8778518469480018,0.8090264422180866,0.8213940072582195,0.8205567364767928,0.0,-0.0002142010458600005,-0.008168716976856468,0
2025-08-16 00:00:00+00:00,0.024400442311978094,0.0260079151649076,0.025800882131217336,0,1.0746483974417447,1.072507034313143,0.9980073825693137,-0.002141363128601581,-0.0019926174306863576,-3384409.2224471658,6260967.063824865,2876557.841377699,-2515.311014631523,3126.2979866266787,610.9869719951553,59,59,42.367580359159454,3083.9304062675187,34,25,68503,8335190034.925445,137006,132.07163271983623,40165,-3.370543232449598,315975,0.4632689832689833,0.7791505791505792,0.7474903474903475,0.6131274131274131,0.661003861003861,0.6162162162162163,0.4023166023166023,0.0,0.5939134072497437,0.7976550869598067,0.7810683407715068,0.7547952507007812,0.6977900814864954,0.6021158736390892,0.0,0.836474519278147,0.8947842814226492,0.8778518469480018,0.8090264422180866,0.8213940072582195,0.8205567364767928,0.0,0.00010817896755530021,0.004159463258372426,1
2025-08-17 00:00:00+00:00,0.025097205280175804,0.0261160941324629,0.025717424887139666,0,1.0747258714138375,1.0723650909270377,0.9978033649793002,-0.002360780486799774,-0.0021966350206998266,-3384619.4003618862,6261210.341387532,2876590.9410256455,-210.17791472029435,243.27756266688036,33.099647946586,56,65,144.76147665963012,98.51608600725028,45,20,68503,8335190034.925445,137006,132.07163271983623,40165,-3.370543232449598,315975,0.4632689832689833,0.7791505791505792,0.7474903474903475,0.6131274131274131,0.661003861003861,0.6162162162162163,0.4023166023166023,0.0,0.5939134072497437,0.7976550869598067,0.7810683407715068,0.7547952507007812,0.6977900814864954,0.6021158736390892,0.0,0.836474519278147,0.8947842814226492,0.8778518469480018,0.8090264422180866,0.8213940072582195,0.8205567364767928,0.0,0.00048730537881380015,0.018659198283715345,1
2025-08-18 00:00:00+00:00,0.027918064925735352,0.0266033995112767,0.025768956889360168,0,1.074813395275398,1.072610078599514,0.9979500472495327,-0.002203316675883915,-0.0020499527504673144,-3386141.1551351757,6262111.899304544,2875970.7441693684,-1521.754773289286,901.5579170120408,-620.1968562772452,31,44,62.79291089584001,838.765006116201,23,21,67775,8442042744.847557,135550,131.8279459631,40165,-3.370543232449598,315975,0.5745893719806764,0.8486956521739131,0.7530434782608696,0.6939130434782609,0.6104347826086957,0.5791304347826087,0.5443478260869565,0.0,0.6598253979518821,0.9125621313956686,0.7918062305753746,0.7787620448529534,0.7389583635701347,0.6032251938216179,0.0,0.5358317373986616,0.967669974078764,0.7147802317145927,0.6970409906089715,0.5558874090034621,0.4853273660209565,0.0,-9.058772662840289e-05,-0.0034051184545044475,0
2025-08-19 00:00:00+00:00,0.024121224528083754,0.0265128117846483,0.025695419774743166,0,1.0748642110570823,1.072481391971448,0.997783144083576,-0.0023828190856343134,-0.002216855916424005,-3386684.437949662,6265270.029347478,2878585.591397817,-543.2828144866407,3158.1300429350963,2614.8472284484556,39,38,60.14981019165781,3097.9802327434386,20,18,67775,8442042744.847557,135550,131.8279459631,40165,-3.370543232449598,315975,0.5745893719806764,0.8486956521739131,0.7530434782608696,0.6939130434782609,0.6104347826086957,0.5791304347826087,0.5443478260869565,0.0,0.6598253979518821,0.9125621313956686,0.7918062305753746,0.7787620448529534,0.7389583635701347,0.6032251938216179,0.0,0.5358317373986616,0.967669974078764,0.7147802317145927,0.6970409906089715,0.5558874090034621,0.4853273660209565,0.0,-0.000545279891472298,-0.020566656449016514,0
2025-08-20 00:00:00+00:00,0.025629469336697158,0.025967531893176,0.025626830432691913,0,1.0749446123846795,1.0725528861176854,0.9977750237180237,-0.002391726266994132,-0.0022249762819763117,-3427710.282770255,6265539.559713646,2837829.2769433907,-41025.84482059306,269.5303661670815,-40756.31445442598,58,41,42.70114769041983,226.82921847666177,16,25,67775,8442042744.847557,135550,131.8279459631,40165,-3.370543232449598,315975,0.5745893719806764,0.8486956521739131,0.7530434782608696,0.6939130434782609,0.6104347826086957,0.5791304347826087,0.5443478260869565,0.0,0.6598253979518821,0.9125621313956686,0.7918062305753746,0.7787620448529534,0.7389583635701347,0.6032251938216179,0.0,0.5358317373986616,0.967669974078764,0.7147802317145927,0.6970409906089715,0.5558874090034621,0.4853273660209565,0.0,-0.00012165846347840167,-0.004685022203067834,0
2025-08-21 00:00:00+00:00,0.024694462441508844,0.0258458734296976,0.02564767507192926,0,1.0750236014648065,1.0723942731512675,0.9975541668946093,-0.0026293283135390144,-0.0024458331053907488,-3429069.007875868,6265668.791631097,2836599.783755229,-1358.7251056131267,129.23191745141418,-1229.4931881617126,37,34,77.31866674312623,51.913250708288,17,17,67775,8442042744.847557,135550,131.8279459631,40165,-3.370543232449598,315975,0.5745893719806764,0.8486956521739131,0.7530434782608696,0.6939130434782609,0.6104347826086957,0.5791304347826087,0.5443478260869565,0.0,0.6598253979518821,0.9125621313956686,0.7918062305753746,0.7787620448529534,0.7389583635701347,0.6032251938216179,0.0,0.5358317373986616,0.967669974078764,0.7147802317145927,0.6970409906089715,0.5558874090034621,0.4853273660209565,0.0,-0.00027540884422039974,-0.010655814939647101,0
2025-08-22 00:00:00+00:00,0.02666931243686092,0.0255704645854772,0.025697466949031727,0,1.0751058590210834,1.071992184487916,0.9971038437684615,-0.0031136745331674653,-0.0028961562315385023,-3430054.285975485,6266340.05605535,2836285.7700798656,-985.2780996170496,671.264424253699,-314.0136753633508,32,32,33.399865805331586,637.8645584483672,15,17,67775,8442042744.847557,135550,131.8279459631,40165,-3.370543232449598,315975,0.5745893719806764,0.8486956521739131,0.7530434782608696,0.6939130434782609,0.6104347826086957,0.5791304347826087,0.5443478260869565,0.0,0.6598253979518821,0.9125621313956686,0.7918062305753746,0.7787620448529534,0.7389583635701347,0.6032251938216179,0.0,0.5358317373986616,0.967669974078764,0.7147802317145927,0.6970409906089715,0.5558874090034621,0.4853273660209565,0.0,0.0008037446861532994,0.03143254137861023,1
2025-08-23 00:00:00+00:00,0.029729911991900684,0.0263742092716305,0.025773382482986357,0,1.0751991446739437,1.0720167516447536,0.9970401827001498,-0.0031823930291901004,-0.002959817299850222,-3430986.054031185,6266476.344922918,2835490.290891734,-931.7680556997086,136.2888675680536,-795.4791881316551,53,30,1.970951361868416,134.31791620618517,12,18,67775,8442042744.847557,135550,131.8279459631,40165,-3.370543232449598,315975,0.5745893719806764,0.8486956521739131,0.7530434782608696,0.6939130434782609,0.6104347826086957,0.5791304347826087,0.5443478260869565,0.0,0.6598253979518821,0.9125621313956686,0.7918062305753746,0.7787620448529534,0.7389583635701347,0.6032251938216179,0.0,0.5358317373986616,0.967669974078764,0.7147802317145927,0.6970409906089715,0.5558874090034621,0.4853273660209565,0.0,-0.0001453793949589971,-0.005512180231138717,0
2025-08-24 00:00:00+00:00,0.023209297617377347,0.0262288298766715,0.025752976266511345,0,1.0752492628125452,1.0717971001055255,0.9967894302963857,-0.003452162707019646,-0.003210569703614373,-3431113.676348916,6266885.059690474,2835771.3833415587,-127.62231773075932,408.71476755573434,281.092449824975,31,42,174.0952583746699,234.61950918106447,23,19,67775,8442042744.847557,135550,131.8279459631,40165,-3.370543232449598,315975,0.5745893719806764,0.8486956521739131,0.7530434782608696,0.6939130434782609,0.6104347826086957,0.5791304347826087,0.5443478260869565,0.0,0.6598253979518821,0.9125621313956686,0.7918062305753746,0.7787620448529534,0.7389583635701347,0.6032251938216179,0.0,0.5358317373986616,0.967669974078764,0.7147802317145927,0.6970409906089715,0.5558874090034621,0.4853273660209565,0.0,-0.00019762079163370208,-0.00753448753005449,0
2025-08-25 00:00:00+00:00,0.026671822431238452,0.0260312090850378,0.02576636279477017,0,1.0753314908150422,1.0716987115453533,0.99662171218762,-0.0036327792696888572,-0.0033782878123799855,-3434950.6815387267,6267207.76931496,2832257.0877762334,-3837.0051898107754,322.7096244856411,-3514.2955653251342,25,30,30.25339879139785,292.45622569424324,13,17,62318,8476632869.5121,124636,132.14133030510783,40165,-3.370543232449598,315975,0.5765765765765766,0.8108108108108109,0.7189189189189189,0.6414414414414414,0.5783783783783784,0.5585585585585585,0.5387387387387388,0.0,0.4785159174561527,0.9035090806059888,0.7146817939696292,0.6319257671691615,0.5171364113284191,0.3740265552687573,0.0,0.6834530700238474,0.928166414929276,0.8888927747069288,0.8557841053743368,0.7950483561684876,0.4785203915331923,0.0,0.00012945557063610141,0.0049730909622062005,1
2025-08-26 00:00:00+00:00,0.0256092769847861,0.0261606646556739,0.025777135565332912,0,1.0754120104276748,1.071550703280602,0.9964094625040154,-0.003861307147072779,-0.003590537495984629,-3435129.875776118,6267469.63276563,2832339.7569895126,-179.19423739157958,261.8634506707799,82.66921327920033,125,32,90.30451119404924,171.55893947673067,14,18,62318,8476632869.5121,124636,132.14133030510783,40165,-3.370543232449598,315975,0.5765765765765766,0.8108108108108109,0.7189189189189189,0.6414414414414414,0.5783783783783784,0.5585585585585585,0.5387387387387388,0.0,0.4785159174561527,0.9035090806059888,0.7146817939696292,0.6319257671691615,0.5171364113284191,0.3740265552687573,0.0,0.6834530700238474,0.928166414929276,0.8888927747069288,0.8557841053743368,0.7950483561684876,0.4785203915331923,0.0,-0.00011441768554970241,-0.0043736536152909535,0
2025-08-27 00:00:00+00:00,0.02486774088111548,0.0260462469701242,0.025802725762769336,0,1.0754901738596703,1.0720358799392753,0.996788167847226,-0.0034542939203949796,-0.0032118321527739918,-3435145.7306644996,6267922.254534003,2832776.523869504,-15.854888381625823,452.6217683731818,436.766879991556,23,35,278.5467261733307,174.0750421998511,19,16,62318,8476632869.5121,124636,132.14133030510783,40165,-3.370543232449598,315975,0.5765765765765766,0.8108108108108109,0.7189189189189189,0.6414414414414414,0.5783783783783784,0.5585585585585585,0.5387387387387388,0.0,0.4785159174561527,0.9035090806059888,0.7146817939696292,0.6319257671691615,0.5171364113284191,0.3740265552687573,0.0,0.6834530700238474,0.928166414929276,0.8888927747069288,0.8557841053743368,0.7950483561684876,0.4785203915331923,0.0,9.718616903680102e-05,0.003731292617638018,1
2025-08-28 00:00:00+00:00,0.024935050066479388,0.026143433139161,0.025755486026450173,0,1.0755436045725204,1.0709538766555016,0.9957326435697202,-0.004589727917018838,-0.00426735643027978,-3436593.989567117,6270034.018338794,2833440.028771677,-1448.2589026173016,2111.7638047901555,663.5049021728539,18,37,419.21576597211686,1692.5480388180383,17,20,62318,8476632869.5121,124636,132.14133030510783,40165,-3.370543232449598,315975,0.5765765765765766,0.8108108108108109,0.7189189189189189,0.6414414414414414,0.5783783783783784,0.5585585585585585,0.5387387387387388,0.0,0.4785159174561527,0.9035090806059888,0.7146817939696292,0.6319257671691615,0.5171364113284191,0.3740265552687573,0.0,0.6834530700238474,0.928166414929276,0.8888927747069288,0.8557841053743368,0.7950483561684876,0.4785203915331923,0.0,0.00014548229028130133,0.005564773742870795,1
2025-08-29 00:00:00+00:00,0.027501798713277518,0.0262889154294423,0.025930781393188794,0,1.0756357756430248,1.071142800539182,0.9958229586579558,-0.004492975103842722,-0.004177041342044226,-3440495.4227425754,6271203.679823244,2830708.2570806686,-3901.433175458615,1169.6614844502972,-2731.771691008318,37,29,47.1926,1122.468884450297,11,18,62318,8476632869.5121,124636,132.14133030510783,40165,-3.370543232449598,315975,0.5765765765765766,0.8108108108108109,0.7189189189189189,0.6414414414414414,0.5783783783783784,0.5585585585585585,0.5387387387387388,0.0,0.4785159174561527,0.9035090806059888,0.7146817939696292,0.6319257671691615,0.5171364113284191,0.3740265552687573,0.0,0.6834530700238474,0.928166414929276,0.8888927747069288,0.8557841053743368,0.7950483561684876,0.4785203915331923,0.0,-0.0007924681945590019,-0.03014457544610137,0
2025-08-30 00:00:00+00:00,0.02465653423367838,0.0254964472348833,0.025854242667206706,0,1.0757146234707988,1.0716222712407086,0.9961956896924147,-0.0040923522300901904,-0.0038043103075852914,-3446172.859835881,6271278.231699931,2825105.3718640506,-5677.437093305276,74.55187668716651,-5602.88521661811,48,29,8.044640620410062,66.50723606675645,16,13,62318,8476632869.5121,124636,132.14133030510783,40165,-3.370543232449598,315975,0.5765765765765766,0.8108108108108109,0.7189189189189189,0.6414414414414414,0.5783783783783784,0.5585585585585585,0.5387387387387388,0.0,0.4785159174561527,0.9035090806059888,0.7146817939696292,0.6319257671691615,0.5171364113284191,0.3740265552687573,0.0,0.6834530700238474,0.928166414929276,0.8888927747069288,0.8557841053743368,0.7950483561684876,0.4785203915331923,0.0,0.0002463514430309996,0.009662187078909984,1
2025-08-31 00:00:00+00:00,0.02559202528250332,0.0257427986779143,0.025810010865219658,0,1.0758004914619501,1.0715864923122334,0.9960829176197994,-0.004213999149716763,-0.003917082380200611,-3448614.319583397,6271405.101670516,2822790.7820871184,-2441.4597475161345,126.86997058387531,-2314.589776932259,39,29,6.491532047548995,120.37843853632634,19,10,62318,8476632869.5121,124636,132.14133030510783,40165,-3.370543232449598,315975,0.5765765765765766,0.8108108108108109,0.7189189189189189,0.6414414414414414,0.5783783783783784,0.5585585585585585,0.5387387387387388,0.0,0.4785159174561527,0.9035090806059888,0.7146817939696292,0.6319257671691615,0.5171364113284191,0.3740265552687573,0.0,0.6834530700238474,0.928166414929276,0.8888927747069288,0.8557841053743368,0.7950483561684876,0.4785203915331923,0.0,-0.000118266245990397,-0.004594148735345625,0
2025-09-01 00:00:00+00:00,0.025962111348203133,0.0256245324319239,0.025867388350587616,0,1.0758550018262827,1.0717007172519621,0.9961386203835382,-0.004154284574320544,-0.003861379616461859,-3451728.574075201,6271543.041006528,2819814.466931327,-3114.2544918042877,137.93933601256686,-2976.315155791721,30,27,52.69694105062868,85.2423949619382,13,14,59113,8353437290.575285,118226,133.1073756030424,40165,-3.370543232449598,315975,0.6300623052959502,0.8434579439252337,0.7289719626168224,0.6542056074766355,0.6378504672897196,0.6074766355140186,0.5630841121495327,0.0,0.5318313769213406,0.8836536959919643,0.8321397649567789,0.5780697798689801,0.5374377647823007,0.0,0.0,0.5010218190212782,0.6250798276360136,0.5807646904814499,0.5636408227555664,0.5317577581387769,0.0,0.0,7.300234862929814e-05,0.002848924124693466,1
2025-09-02 00:00:00+00:00,0.0260837452546125,0.0256975347805532,0.025819061374707488,0,1.0759369890990518,1.0717249329145988,0.9960852203919673,-0.0042120561844529725,-0.00391477960803261,-3458638.827466938,6271635.603487507,2812996.7760205683,-6910.2533917377805,92.56248097951732,-6817.690910758263,92,33,46.21467806864975,46.34780291086757,16,17,59113,8353437290.575285,118226,133.1073756030424,40165,-3.370543232449598,315975,0.6300623052959502,0.8434579439252337,0.7289719626168224,0.6542056074766355,0.6378504672897196,0.6074766355140186,0.5630841121495327,0.0,0.5318313769213406,0.8836536959919643,0.8321397649567789,0.5780697798689801,0.5374377647823007,0.0,0.0,0.5010218190212782,0.6250798276360136,0.5807646904814499,0.5636408227555664,0.5317577581387769,0.0,0.0,4.446289499530215e-05,0.0017302397048976766,1
2025-09-03 00:00:00+00:00,0.02514555167409469,0.0257419976755485,0.02583320248203498,0,1.0760145715570923,1.072001069032294,0.9962700295786977,-0.0040135025247982625,-0.003729970421302338,-3459757.0048890025,6271752.694847227,2811995.6899582236,-1118.177422063949,117.09135971934153,-1001.0860623446076,38,31,87.58113754679339,29.51022217254814,18,13,59113,8353437290.575285,118226,133.1073756030424,40165,-3.370543232449598,315975,0.6300623052959502,0.8434579439252337,0.7289719626168224,0.6542056074766355,0.6378504672897196,0.6074766355140186,0.5630841121495327,0.0,0.5318313769213406,0.8836536959919643,0.8321397649567789,0.5780697798689801,0.5374377647823007,0.0,0.0,0.5010218190212782,0.6250798276360136,0.5807646904814499,0.5636408227555664,0.5317577581387769,0.0,0.0,-2.9190848274202735e-05,-0.0011339775817760323,0
2025-09-04 00:00:00+00:00,0.024991704067218286,0.0257128068272743,0.02585488577137862,0,1.0760933630603768,1.0726373485769092,0.996788369297587,-0.003456014483467662,-0.0032116307024130895,-3462742.861508773,6271801.716881179,2809058.8553724047,-2985.856619770534,49.022033951829926,-2936.834585818704,40,35,20.809076291762484,28.212957660067453,20,15,59113,8353437290.575285,118226,133.1073756030424,40165,-3.370543232449598,315975,0.6300623052959502,0.8434579439252337,0.7289719626168224,0.6542056074766355,0.6378504672897196,0.6074766355140186,0.5630841121495327,0.0,0.5318313769213406,0.8836536959919643,0.8321397649567789,0.5780697798689801,0.5374377647823007,0.0,0.0,0.5010218190212782,0.6250798276360136,0.5807646904814499,0.5636408227555664,0.5317577581387769,0.0,0.0,-0.0002856734941067002,-0.01111016374158259,0
2025-09-05 00:00:00+00:00,0.0256966439356033,0.0254271333331676,0.02587123279587728,0,1.0761744460967035,1.0729056440965394,0.9969625723673146,-0.003268802000164106,-0.0030374276326854688,-3478908.8532428537,6271993.373736065,2793084.5204932103,-16165.991734080308,191.6568548857495,-15974.334879194555,67,36,91.17845853790853,100.47839634784096,17,19,59113,8353437290.575285,118226,133.1073756030424,40165,-3.370543232449598,315975,0.6300623052959502,0.8434579439252337,0.7289719626168224,0.6542056074766355,0.6378504672897196,0.6074766355140186,0.5630841121495327,0.0,0.5318313769213406,0.8836536959919643,0.8321397649567789,0.5780697798689801,0.5374377647823007,0.0,0.0,0.5010218190212782,0.6250798276360136,0.5807646904814499,0.5636408227555664,0.5317577581387769,0.0,0.0,0.00032428777238580064,0.012753611197011894,1
2025-09-06 00:00:00+00:00,0.026809682599771345,0.0257514211055534,0.02595421116490157,0,1.0762597611950848,1.0729263232544959,0.9969027570659267,-0.0033334379405889347,-0.0030972429340733383,-3480068.3791842894,6272227.346058628,2792158.9668743378,-1159.5259414355653,233.97232256296937,-925.553618872596,26,26,1.9351969030744545,232.03712565989488,15,11,59113,8353437290.575285,118226,133.1073756030424,40165,-3.370543232449598,315975,0.6300623052959502,0.8434579439252337,0.7289719626168224,0.6542056074766355,0.6378504672897196,0.6074766355140186,0.5630841121495327,0.0,0.5318313769213406,0.8836536959919643,0.8321397649567789,0.5780697798689801,0.5374377647823007,0.0,0.0,0.5010218190212782,0.6250798276360136,0.5807646904814499,0.5636408227555664,0.5317577581387769,0.0,0.0,-0.00016335279962069807,-0.006343447957731171,0
2025-09-07 00:00:00+00:00,0.02390829571035102,0.0255880683059327,0.02588069608604731,0,1.0763085904086247,1.073106726238049,0.9970251429756217,-0.0032018641705757744,-0.002974857024378273,-3485837.9720039936,6272412.444200592,2786574.472196598,-5769.5928197043595,185.09814196487457,-5584.494677739485,97,29,153.09253062280845,32.00561134206612,18,11,59113,8353437290.575285,118226,133.1073756030424,40165,-3.370543232449598,315975,0.6300623052959502,0.8434579439252337,0.7289719626168224,0.6542056074766355,0.6378504672897196,0.6074766355140186,0.5630841121495327,0.0,0.5318313769213406,0.8836536959919643,0.8321397649567789,0.5780697798689801,0.5374377647823007,0.0,0.0,0.5010218190212782,0.6250798276360136,0.5807646904814499,0.5636408227555664,0.5317577581387769,0.0,0.0,-0.0003492201886667011,-0.0136477745991374,0
2025-09-08 00:00:00+00:00,0.023545145046392504,0.025238848117266,0.025800106217261462,0,1.0763840373533875,1.0731934835775339,0.9970358592610695,-0.003190553775853644,-0.0029641407389304807,-3506976.2895143554,6307446.688467132,2800470.398952776,-21138.31751036175,35034.24426653962,13895.926756177869,209,25,35011.6756,22.56866653961983,17,8,54661,8430974037.177305,109322,135.28459111795712,40165,-3.370543232449598,315975,0.7080763582966227,0.8458149779735683,0.7422907488986784,0.7312775330396476,0.698237885462555,0.6607929515418502,0.0,0.0,0.5575393074791541,0.9926887259328666,0.5335588057214385,0.5741663898123301,0.5607825230828546,0.0,0.0,0.8045303539844433,0.9275458398478478,0.8311085360333678,0.8610399197279168,0.821582432722177,0.0,0.0,-0.00010419343153349886,-0.004128295833842738,0
2025-09-09 00:00:00+00:00,0.025390625488969164,0.0251346546857325,0.025835765950425738,0,1.0764634588520843,1.0742120868709941,0.9979085476960909,-0.0022513719810901556,-0.002091452303909105,-3533947.938838717,6307743.697659456,2773795.758820739,-26971.64932436156,297.00919232461797,-26674.640132036944,239,32,107.36574246029608,189.6434498643219,17,15,54661,8430974037.177305,109322,135.28459111795712,40165,-3.370543232449598,315975,0.7080763582966227,0.8458149779735683,0.7422907488986784,0.7312775330396476,0.698237885462555,0.6607929515418502,0.0,0.0,0.5575393074791541,0.9926887259328666,0.5335588057214385,0.5741663898123301,0.5607825230828546,0.0,0.0,0.8045303539844433,0.9275458398478478,0.8311085360333678,0.8610399197279168,0.821582432722177,0.0,0.0,1.586366362549968e-05,0.0006311470686129844,1
2025-09-10 00:00:00+00:00,0.02525253149264262,0.025150518349358,0.02585709999456603,0,1.0765418749719793,1.0745083702497469,0.9981110769868703,-0.0020335047222324043,-0.0018889230131297339,-3552809.2386426856,6317876.595749758,2765067.357107073,-18861.299803968297,10132.898090302147,-8728.40171366615,229,26,10023.548190273465,109.34990002868294,11,15,54661,8430974037.177305,109322,135.28459111795712,40165,-3.370543232449598,315975,0.7080763582966227,0.8458149779735683,0.7422907488986784,0.7312775330396476,0.698237885462555,0.6607929515418502,0.0,0.0,0.5575393074791541,0.9926887259328666,0.5335588057214385,0.5741663898123301,0.5607825230828546,0.0,0.0,0.8045303539844433,0.9275458398478478,0.8311085360333678,0.8610399197279168,0.821582432722177,0.0,0.0,0.00044498367501539723,0.017692823218761058,1
2025-09-11 00:00:00+00:00,0.02795644644936005,0.0255955020243734,0.02594373409708527,0,1.076629804682164,1.074614814691764,0.9981284281917173,-0.0020149899904000623,-0.0018715718082827134,-3564122.378287065,6318379.835803806,2754257.4575167415,-11313.139644379373,503.24005404794855,-10809.899590331424,119,28,478.7926945601586,24.447359487789942,16,12,54661,8430974037.177305,109322,135.28459111795712,40165,-3.370543232449598,315975,0.7080763582966227,0.8458149779735683,0.7422907488986784,0.7312775330396476,0.698237885462555,0.6607929515418502,0.0,0.0,0.5575393074791541,0.9926887259328666,0.5335588057214385,0.5741663898123301,0.5607825230828546,0.0,0.0,0.8045303539844433,0.9275458398478478,0.8311085360333678,0.8610399197279168,0.821582432722177,0.0,0.0,-0.00017563395729239956,-0.006861907108723695,0
2025-09-12 00:00:00+00:00,0.024086044265627323,0.025419868067081,0.025785432687503974,0,1.0766802966078806,1.0745861042583096,0.9980549543293689,-0.002094192349570978,-0.0019450456706311104,-3571853.809287297,6318663.727667527,2746809.9183802307,-7731.43100023239,283.8918637216965,-7447.539136510693,109,27,45.669728974364986,238.2221347473315,9,18,54661,8430974037.177305,109322,135.28459111795712,40165,-3.370543232449598,315975,0.7080763582966227,0.8458149779735683,0.7422907488986784,0.7312775330396476,0.698237885462555,0.6607929515418502,0.0,0.0,0.5575393074791541,0.9926887259328666,0.5335588057214385,0.5741663898123301,0.5607825230828546,0.0,0.0,0.8045303539844433,0.9275458398478478,0.8311085360333678,0.8610399197279168,0.821582432722177,0.0,0.0,-0.00029333701448339827,-0.011539674938882662,0
2025-09-13 00:00:00+00:00,0.024976592802713724,0.0251265310525976,0.025769567245084713,0,1.0767601227013024,1.0740039866559787,0.9974403435015691,-0.002756136045323654,-0.002559656498430911,-3573651.138589475,6318918.154310034,2745267.0157205597,-1797.32930217768,254.42664250665695,-1542.902659671023,127,21,19.70798614035131,234.71865636630565,7,14,54661,8430974037.177305,109322,135.28459111795712,40165,-3.370543232449598,315975,0.7080763582966227,0.8458149779735683,0.7422907488986784,0.7312775330396476,0.698237885462555,0.6607929515418502,0.0,0.0,0.5575393074791541,0.9926887259328666,0.5335588057214385,0.5741663898123301,0.5607825230828546,0.0,0.0,0.8045303539844433,0.9275458398478478,0.8311085360333678,0.8610399197279168,0.821582432722177,0.0,0.0,-1.745804499040174e-05,-0.0006948052221716022,0
2025-09-14 00:00:00+00:00,0.02421929172618011,0.0251090730076072,0.02561743595958583,0,1.0768366906936417,1.0741024135732,0.9974608247062231,-0.0027342771204417193,-0.0025391752937768504,-3583504.048288642,6318957.254771154,2735453.206482513,-9852.90969916734,39.10046112034529,-9813.809238046995,150,20,9.446746434938513,29.653714685406783,11,9,54661,8430974037.177305,109322,135.28459111795712,40165,-3.370543232449598,315975,0.7080763582966227,0.8458149779735683,0.7422907488986784,0.7312775330396476,0.698237885462555,0.6607929515418502,0.0,0.0,0.5575393074791541,0.9926887259328666,0.5335588057214385,0.5741663898123301,0.5607825230828546,0.0,0.0,0.8045303539844433,0.9275458398478478,0.8311085360333678,0.8610399197279168,0.821582432722177,0.0,0.0,0.00013972169073210236,0.005564589767601991,1
2025-09-15 00:00:00+00:00,0.02444304265746239,0.0252487946983393,0.02561980832632199,0,1.0769132003514428,1.0740033372510982,0.9972979594832759,-0.0029098631003445785,-0.0027020405167240647,-3588451.3916444783,6319492.8981449,2731041.5065004216,-4947.343355836163,535.6433737450449,-4411.699982091118,73,21,517.2556699469359,18.387703798109,13,8,51589,8828569962.698637,103178,137.9278826145128,40165,-3.370543232449598,315975,0.7347490347490347,0.8436293436293436,0.7915057915057915,0.7393822393822393,0.6756756756756757,0.0,0.0,0.0,0.8668880413025375,0.8968434878274092,0.9491644537801702,0.9164973536141946,0.855536518069799,0.0,0.0,0.738117978066192,0.9052009443687032,0.7752115995354542,0.7513897939930093,0.7159121991301922,0.0,0.0,0.00028119019402959855,0.011136776919022331,1
2025-09-16 00:00:00+00:00,0.027263348683440533,0.0255299848923689,0.025696609845580726,0,1.0769990355410233,1.0749719405927003,0.9981178303030656,-0.0020270949483229828,-0.0018821696969344873,-3619841.582263725,6320866.327092541,2701024.7448288165,-31390.19061924671,1373.4289476415322,-30016.761671605174,75,29,158.88587356249062,1214.5430740790418,14,15,51589,8828569962.698637,103178,137.9278826145128,40165,-3.370543232449598,315975,0.7347490347490347,0.8436293436293436,0.7915057915057915,0.7393822393822393,0.6756756756756757,0.0,0.0,0.0,0.8668880413025375,0.8968434878274092,0.9491644537801702,0.9164973536141946,0.855536518069799,0.0,0.0,0.738117978066192,0.9052009443687032,0.7752115995354542,0.7513897939930093,0.7159121991301922,0.0,0.0,-0.0001557708020533989,-0.0061014843020905955,0
2025-09-17 00:00:00+00:00,0.023644067886780747,0.0253742140903155,0.025566838404331643,0,1.0770487148411059,1.0750211214614207,0.998117454343758,-0.0020275933796851664,-0.001882545656242013,-3626381.560264396,6320979.180958662,2694597.6206942657,-6539.9780006713345,112.8538661205992,-6427.124134550735,73,25,90.90327506896575,21.950591051633424,16,9,51589,8828569962.698637,103178,137.9278826145128,40165,-3.370543232449598,315975,0.7347490347490347,0.8436293436293436,0.7915057915057915,0.7393822393822393,0.6756756756756757,0.0,0.0,0.0,0.8668880413025375,0.8968434878274092,0.9491644537801702,0.9164973536141946,0.855536518069799,0.0,0.0,0.738117978066192,0.9052009443687032,0.7752115995354542,0.7513897939930093,0.7159121991301922,0.0,0.0,-0.00044446526209829945,-0.017516414913041078,0
2025-09-18 00:00:00+00:00,0.025134971901130586,0.0249297488282172,0.025586587679016937,0,1.0771277663538135,1.0748810861871405,0.9979141934347509,-0.002246680166672954,-0.0020858065652491664,-3636434.4948100625,6321215.592181473,2684781.09737141,-10052.934545666569,236.41122281100087,-9816.523322855566,87,24,59.00480409025671,177.40641872074417,11,13,51589,8828569962.698637,103178,137.9278826145128,40165,-3.370543232449598,315975,0.7347490347490347,0.8436293436293436,0.7915057915057915,0.7393822393822393,0.6756756756756757,0.0,0.0,0.0,0.8668880413025375,0.8968434878274092,0.9491644537801702,0.9164973536141946,0.855536518069799,0.0,0.0,0.738117978066192,0.9052009443687032,0.7752115995354542,0.7513897939930093,0.7159121991301922,0.0,0.0,0.0001595910387265989,0.006401630430626835,1
2025-09-19 00:00:00+00:00,0.02543037212187304,0.0250893398669438,0.025579510999723908,0,1.077207763217358,1.0744025110739013,0.9973958114309555,-0.002805252143456727,-0.002604188569044582,-3638537.567819868,6321417.7551383665,2682880.187318498,-2103.0730098055155,202.16295689299685,-1900.9100529125187,52,28,32.957570000000004,169.20538689299687,12,16,51589,8828569962.698637,103178,137.9278826145128,40165,-3.370543232449598,315975,0.7347490347490347,0.8436293436293436,0.7915057915057915,0.7393822393822393,0.6756756756756757,0.0,0.0,0.0,0.8668880413025375,0.8968434878274092,0.9491644537801702,0.9164973536141946,0.855536518069799,0.0,0.0,0.738117978066192,0.9052009443687032,0.7752115995354542,0.7513897939930093,0.7159121991301922,0.0,0.0,-9.036881628930044e-05,-0.003601880988840401,0
2025-09-20 00:00:00+00:00,0.02437436242022799,0.0249989710506545,0.02556855519335761,0,1.0772846836463539,1.0748029469697111,0.9976963037585918,-0.002481736676642754,-0.002303696241408225,-3638675.888735636,6351604.962563214,2712929.0738275778,-138.3209157677261,30187.20742484772,30048.88650907999,59,20,2.8240778008892686,30184.383347046827,10,10,51589,8828569962.698637,103178,137.9278826145128,40165,-3.370543232449598,315975,0.7347490347490347,0.8436293436293436,0.7915057915057915,0.7393822393822393,0.6756756756756757,0.0,0.0,0.0,0.8668880413025375,0.8968434878274092,0.9491644537801702,0.9164973536141946,0.855536518069799,0.0,0.0,0.738117978066192,0.9052009443687032,0.7752115995354542,0.7513897939930093,0.7159121991301922,0.0,0.0,6.815109578790085e-05,0.002726156034574734,1
2025-09-21 00:00:00+00:00,0.024662498803238942,0.0250671221464424,0.025498415698260432,0,1.0773609215845121,1.07595679534959,0.9986966983795393,-0.0014041262349220318,-0.0013033016204606108,-3639154.920650072,6351741.430133092,2712586.50948302,-479.0319144364408,136.4675698786219,-342.5643445578189,73,30,112.95466374977867,23.5129061288432,20,10,51589,8828569962.698637,103178,137.9278826145128,40165,-3.370543232449598,315975,0.7347490347490347,0.8436293436293436,0.7915057915057915,0.7393822393822393,0.6756756756756757,0.0,0.0,0.0,0.8668880413025375,0.8968434878274092,0.9491644537801702,0.9164973536141946,0.855536518069799,0.0,0.0,0.738117978066192,0.9052009443687032,0.7752115995354542,0.7513897939930093,0.7159121991301922,0.0,0.0,0.00035439411608419874,0.014137806247315685,1
2025-09-22 00:00:00+00:00,0.026779748042479803,0.0254215162625266,0.0253944473299545,0,1.077446630603393,1.076542036997685,0.9991604283868786,-0.0009045936057079373,-0.0008395716131214274,-3641919.918572527,6354060.630550441,2712140.7119779135,-2764.9979224548597,2319.2004173487585,-445.7975051061012,69,25,12.6582974373207,2306.5421199114376,9,16,49512,8183633319.95347,99024,138.57105344160937,40165,-3.370543232449598,315975,0.8816498316498317,0.9515151515151516,0.8949494949494949,0.8494949494949495,0.0,0.0,0.0,0.0,0.4000936068169645,0.971311479809367,0.7912565826435842,0.2092109793827596,0.2048696212312077,0.0,0.0,0.5587020703037616,0.8621758962077023,0.6838759012998757,0.5010812661172274,0.4634623014696201,0.0,0.0,-0.00047889457771019966,-0.018838159485243984,0
2025-09-23 00:00:00+00:00,0.023643748247057592,0.0249426216848164,0.025406289594454744,0,1.077496300797134,1.0765788343741478,0.9991485201180668,-0.0009174664229862906,-0.0008514798819332808,-3644596.865874319,6354817.593738057,2710220.7278637374,-2676.947301792008,756.9631876156798,-1919.9841141763284,49,30,632.0662200631351,124.89696755254458,17,13,49512,8183633319.95347,99024,138.57105344160937,40165,-3.370543232449598,315975,0.8816498316498317,0.9515151515151516,0.8949494949494949,0.8494949494949495,0.0,0.0,0.0,0.0,0.4000936068169645,0.971311479809367,0.7912565826435842,0.2092109793827596,0.2048696212312077,0.0,0.0,0.5587020703037616,0.8621758962077023,0.6838759012998757,0.5010812661172274,0.4634623014696201,0.0,0.0,9.56266747688013e-05,0.0038338662221306585,1
2025-09-24 00:00:00+00:00,0.02470824763799525,0.0250382483595852,0.02533740066841865,0,1.0775737892577457,1.0763869945885485,0.9988986418554086,-0.0011867946691972442,-0.0011013581445914085,-3653231.545497338,6361516.321092327,2708284.7755949893,-8634.679623018394,6698.727354270432,-1935.9522687479612,57,23,3812.0422,2886.685154270432,11,12,49512,8183633319.95347,99024,138.57105344160937,40165,-3.370543232449598,315975,0.8816498316498317,0.9515151515151516,0.8949494949494949,0.8494949494949495,0.0,0.0,0.0,0.0,0.4000936068169645,0.971311479809367,0.7912565826435842,0.2092109793827596,0.2048696212312077,0.0,0.0,0.5587020703037616,0.8621758962077023,0.6838759012998757,0.5010812661172274,0.4634623014696201,0.0,0.0,1.3262391676500257e-05,0.0005296852833326544,1
2025-09-25 00:00:00+00:00,0.025226016819605988,0.0250515107512617,0.02532378286823887,0,1.0776520279998467,1.0766733973314684,0.9990918862091368,-0.000978630668378333,-0.0009081137908631785,-3655319.4683507974,6363351.936190861,2708032.467840063,-2087.922853460073,1835.615098533803,-252.30775492627023,59,25,219.5090208789331,1616.1060776548698,10,15,49512,8183633319.95347,99024,138.57105344160937,40165,-3.370543232449598,315975,0.8816498316498317,0.9515151515151516,0.8949494949494949,0.8494949494949495,0.0,0.0,0.0,0.0,0.4000936068169645,0.971311479809367,0.7912565826435842,0.2092109793827596,0.2048696212312077,0.0,0.0,0.5587020703037616,0.8621758962077023,0.6838759012998757,0.5010812661172274,0.4634623014696201,0.0,0.0,-0.0001806265707152005,-0.007210206702049032,0
2025-09-26 00:00:00+00:00,0.024250297638129716,0.0248708841805465,0.025300598464998877,0,1.0777309850228638,1.07670967118633,0.9990523480806185,-0.0010213138365338104,-0.0009476519193814803,-3658887.8277712744,6364762.991184788,2705875.1634135125,-3568.3594204769342,1411.0549939264456,-2157.3044265504886,53,35,1271.1583296091671,139.89666431727846,16,19,49512,8183633319.95347,99024,138.57105344160937,40165,-3.370543232449598,315975,0.8816498316498317,0.9515151515151516,0.8949494949494949,0.8494949494949495,0.0,0.0,0.0,0.0,0.4000936068169645,0.971311479809367,0.7912565826435842,0.2092109793827596,0.2048696212312077,0.0,0.0,0.5587020703037616,0.8621758962077023,0.6838759012998757,0.5010812661172274,0.4634623014696201,0.0,0.0,0.0003210248237143984,0.012907656253149918,1
2025-09-27 00:00:00+00:00,0.026561571193179083,0.0251919090042609,0.02535283777709272,0,1.0778119292779595,1.076596613914622,0.9988724235366816,-0.0012153153633376323,-0.0011275764633184085,-3666390.577834159,6364951.580326237,2698561.0024920767,-7502.750062884689,188.58914144910247,-7314.160921435587,72,32,32.826985000354796,155.76215644874762,13,19,49512,8183633319.95347,99024,138.57105344160937,40165,-3.370543232449598,315975,0.8816498316498317,0.9515151515151516,0.8949494949494949,0.8494949494949495,0.0,0.0,0.0,0.0,0.4000936068169645,0.971311479809367,0.7912565826435842,0.2092109793827596,0.2048696212312077,0.0,0.0,0.5587020703037616,0.8621758962077023,0.6838759012998757,0.5010812661172274,0.4634623014696201,0.0,0.0,0.00022563036809159984,0.008956461697818822,1
2025-09-28 00:00:00+00:00,0.026562456253268422,0.0254175393723525,0.025299010222032507,0,1.0778675647420581,1.0766577575968883,0.9988775920300939,-0.0012098071451698278,-0.001122407969906158,-3668281.731785587,6365282.678056609,2697000.9462710205,-1891.1539514280817,331.0977303720321,-1560.0562210560497,59,23,224.24876966210883,106.84896070992323,10,13,49512,8183633319.95347,99024,138.57105344160937,40165,-3.370543232449598,315975,0.8816498316498317,0.9515151515151516,0.8949494949494949,0.8494949494949495,0.0,0.0,0.0,0.0,0.4000936068169645,0.971311479809367,0.7912565826435842,0.2092109793827596,0.2048696212312077,0.0,0.0,0.5587020703037616,0.8621758962077023,0.6838759012998757,0.5010812661172274,0.4634623014696201,0.0,0.0,-0.00029471674531370007,-0.011595014804394215,0
2025-09-29 00:00:00+00:00,0.024966347525990164,0.0251228226270388,0.025308727641072684,0,1.0779591605080336,1.0769016157406979,0.9990189380024032,-0.0010575447673357719,-0.0009810619975967915,-3674006.124175101,6366059.0542469835,2692052.930071881,-5724.392389513873,776.3761903745971,-4948.016199139276,48,27,689.5815632133055,86.79462716129161,16,11,48688,8060426773.361896,97376,136.86702825489473,40165,-3.370543232449598,315975,0.8498800959232614,0.9064748201438848,0.8215827338129497,0.0,0.0,0.0,0.0,0.0,0.6307605140265723,0.7873492958510084,0.6999560816025865,0.5324338750344175,0.0,0.0,0.0,0.8915000563055404,0.9492758509088705,0.8963694371562777,0.8689952042039387,0.0,0.0,0.0,0.0003911535267827025,0.015569648864284776,1
2025-09-30 00:00:00+00:00,0.026781317380837624,0.0255139761538215,0.025350866756990015,0,1.0780444827361302,1.0772624538159306,0.9992745856662475,-0.0007820289201996289,-0.0007254143337525376,-3675359.164596069,6368388.260394589,2693029.095798518,-1353.0404209680112,2329.2061476051595,976.1657266371484,50,22,211.4895415448463,2117.7166060603136,11,11,48688,8060426773.361896,97376,136.86702825489473,40165,-3.370543232449598,315975,0.8498800959232614,0.9064748201438848,0.8215827338129497,0.0,0.0,0.0,0.0,0.0,0.6307605140265723,0.7873492958510084,0.6999560816025865,0.5324338750344175,0.0,0.0,0.0,0.8915000563055404,0.9492758509088705,0.8963694371562777,0.8689952042039387,0.0,0.0,0.0,3.414649801396913e-06,0.00013383448274821187,1
2025-10-01 00:00:00+00:00,0.024348333462787027,0.0255173908036229,0.025312561154316116,0,1.0780955915707549,1.0771654041208276,0.9991371939026558,-0.0009301874499272333,-0.0008628060973442776,-3675473.455850929,6369614.2385291215,2694140.782678191,-114.29125485935528,1225.9781345323445,1111.686879672989,48,29,14.610099890125284,1211.3680346422193,14,15,48688,8060426773.361896,97376,136.86702825489473,40165,-3.370543232449598,315975,0.8498800959232614,0.9064748201438848,0.8215827338129497,0.0,0.0,0.0,0.0,0.0,0.6307605140265723,0.7873492958510084,0.6999560816025865,0.5324338750344175,0.0,0.0,0.0,0.8915000563055404,0.9492758509088705,0.8963694371562777,0.8689952042039387,0.0,0.0,0.0,-0.00012889029837969898,-0.005051076709668899,0
2025-10-02 00:00:00+00:00,0.024390793141385272,0.0253885005052432,0.025252342667173477,0,1.0781723671373986,1.0775899909826971,0.9994598487473318,-0.0005823761547014694,-0.0005401512526681676,-3682485.5712066176,6369794.120755873,2687308.549549253,-7012.115355689269,179.8822267514583,-6832.233128937811,62,26,87.48896203382756,92.39326471763071,15,11,48688,8060426773.361896,97376,136.86702825489473,40165,-3.370543232449598,315975,0.8498800959232614,0.9064748201438848,0.8215827338129497,0.0,0.0,0.0,0.0,0.0,0.6307605140265723,0.7873492958510084,0.6999560816025865,0.5324338750344175,0.0,0.0,0.0,0.8915000563055404,0.9492758509088705,0.8963694371562777,0.8689952042039387,0.0,0.0,0.0,0.0001223032974225005,0.004817271401957851,1
2025-10-03 00:00:00+00:00,0.025004997909884637,0.0255108038026657,0.025247286458266842,0,1.0782513791588422,1.077778754830088,0.9995616751919919,-0.0004726243287542786,-0.00043832480800810934,-3685825.32825374,6369990.710122352,2684165.381868609,-3339.7570471224326,196.58936647867424,-3143.167680643758,59,35,43.380068630663885,153.20929784801044,15,20,48688,8060426773.361896,97376,136.86702825489473,40165,-3.370543232449598,315975,0.8498800959232614,0.9064748201438848,0.8215827338129497,0.0,0.0,0.0,0.0,0.0,0.6307605140265723,0.7873492958510084,0.6999560816025865,0.5324338750344175,0.0,0.0,0.0,0.8915000563055404,0.9492758509088705,0.8963694371562777,0.8689952042039387,0.0,0.0,0.0,-0.00023548162848460036,-0.009230662832348472,0
2025-10-04 00:00:00+00:00,0.02499487786917922,0.0252753221741811,0.025247421140914536,0,1.0783301086094887,1.0780021685312753,0.9996958815527869,-0.00032794007821346227,-0.00030411844721311027,-3708656.24377745,6371779.406682976,2663123.162905523,-22830.9155237103,1788.6965606240142,-21042.218963086285,52,36,1378.093732369472,410.6028282545418,17,19,48688,8060426773.361896,97376,136.86702825489473,40165,-3.370543232449598,315975,0.8498800959232614,0.9064748201438848,0.8215827338129497,0.0,0.0,0.0,0.0,0.0,0.6307605140265723,0.7873492958510084,0.6999560816025865,0.5324338750344175,0.0,0.0,0.0,0.8915000563055404,0.9492758509088705,0.8963694371562777,0.8689952042039387,0.0,0.0,0.0,0.00018925935549899894,0.007487910705736862,1
2025-10-05 00:00:00+00:00,0.02742565132900804,0.0254645815296801,0.025308734593155458,0,1.0784163883408637,1.0780760133293854,0.999684375149378,-0.00034037501147832216,-0.0003156248506219261,-3709261.6485714754,6372395.723522215,2663134.074950737,-605.4047940253065,616.3168392392505,10.912045213943998,40,38,70.80763446793216,545.5092047713183,17,21,48688,8060426773.361896,97376,136.86702825489473,40165,-3.370543232449598,315975,0.8498800959232614,0.9064748201438848,0.8215827338129497,0.0,0.0,0.0,0.0,0.0,0.6307605140265723,0.7873492958510084,0.6999560816025865,0.5324338750344175,0.0,0.0,0.0,0.8915000563055404,0.9492758509088705,0.8963694371562777,0.8689952042039387,0.0,0.0,0.0,-0.00013824236848429886,-0.005428809749854764,0
2025-10-06 00:00:00+00:00,0.02329077093114969,0.0253263391611958,0.025204876914047967,0,1.0784654088346142,1.077796649438609,0.9993798972219908,-0.0006687593960050808,-0.0006201027780091156,-3712793.6704476457,6372601.261630403,2659807.591182755,-3532.021876170512,205.53810818818857,-3326.483767982323,56,40,127.74475489104164,77.79335329714698,28,12,42234,8822870073.6383,84468,136.1707648380085,40165,-3.370543232449598,315975,0.929778933680104,0.929778933680104,0.0,0.0,0.0,0.0,0.0,0.0,0.9152639319630796,0.925080022317486,0.9103558867858762,0.0,0.0,0.0,0.0,0.8146053055745756,0.8623366222172266,0.79073964725325,0.0,0.0,0.0,0.0,0.0001933969298561003,0.007636197581702485,1
2025-10-07 00:00:00+00:00,0.028053541186472374,0.0255197360910519,0.025335559094359205,0,1.0785527424395536,1.0782138404731842,0.9996857808125333,-0.00033890196636932046,-0.00031421918746668423,-3714433.9910626537,6373352.044280954,2658918.053218298,-1640.3206150073977,750.7826505508442,-889.5379644565535,30,50,1.0315649644357805,749.7510855864083,17,33,42234,8822870073.6383,84468,136.1707648380085,40165,-3.370543232449598,315975,0.929778933680104,0.929778933680104,0.0,0.0,0.0,0.0,0.0,0.0,0.9152639319630796,0.925080022317486,0.9103558867858762,0.0,0.0,0.0,0.0,0.8146053055745756,0.8623366222172266,0.79073964725325,0.0,0.0,0.0,0.0,-9.82845373599002e-05,-0.003851314802364361,0
2025-10-08 00:00:00+00:00,0.024096850641009342,0.025421451553692,0.025355871138142767,0,1.078629564425359,1.078163575588568,0.9995679806560472,-0.00046598883679105363,-0.0004320193439527218,-3716862.197014232,6373640.139840894,2656777.94282666,-2428.2059515785368,288.09555994047844,-2140.1103916380584,37,41,52.89781126797643,235.197748672502,21,20,42234,8822870073.6383,84468,136.1707648380085,40165,-3.370543232449598,315975,0.929778933680104,0.929778933680104,0.0,0.0,0.0,0.0,0.0,0.0,0.9152639319630796,0.925080022317486,0.9103558867858762,0.0,0.0,0.0,0.0,0.8146053055745756,0.8623366222172266,0.79073964725325,0.0,0.0,0.0,0.0,6.771839844390073e-05,0.0026638289438694887,1
2025-10-09 00:00:00+00:00,0.024843892814547217,0.0254891699521359,0.025336413021932038,0,1.078707978305695,1.0780992910630993,0.9994357256506513,-0.0006086872425956624,-0.0005642743493486673,-3721143.7738187304,6383267.846620282,2662124.072801549,-4281.576804498886,9627.706779387863,5346.129974888977,31,31,118.42110724962434,9509.28567213824,14,17,42234,8822870073.6383,84468,136.1707648380085,40165,-3.370543232449598,315975,0.929778933680104,0.929778933680104,0.0,0.0,0.0,0.0,0.0,0.0,0.9152639319630796,0.925080022317486,0.9103558867858762,0.0,0.0,0.0,0.0,0.8146053055745756,0.8623366222172266,0.79073964725325,0.0,0.0,0.0,0.0,0.00036520179996929816,0.014327724310171017,1
2025-10-10 00:00:00+00:00,0.027403826369736265,0.0258543717521052,0.02541445978955802,0,1.0787962105491695,1.0782315327253458,0.9994765667340115,-0.0005646778238237449,-0.0005234332659884774,-3721646.000523139,6386815.447637389,2665169.4471142474,-502.2267044085359,3547.6010171071102,3045.374312698574,18,33,2562.422262073561,985.1787550335496,16,17,42234,8822870073.6383,84468,136.1707648380085,40165,-3.370543232449598,315975,0.929778933680104,0.929778933680104,0.0,0.0,0.0,0.0,0.0,0.0,0.9152639319630796,0.925080022317486,0.9103558867858762,0.0,0.0,0.0,0.0,0.8146053055745756,0.8623366222172266,0.79073964725325,0.0,0.0,0.0,0.0,0.0024240597733591017,0.09375821608048635,1
2025-10-11 00:00:00+00:00,0.04150902089718833,0.0282784315254643,0.025883134818734558,0,1.0789240237486104,1.0782959823349878,0.9994179002415383,-0.0006280414136226042,-0.0005820997584617117,-3721669.756886128,6387350.073766168,2665680.3168800366,-23.756362989473317,534.6261287788697,510.8697657893963,35,46,79.07467873416584,455.5514500447038,17,29,42234,8822870073.6383,84468,136.1707648380085,40165,-3.370543232449598,315975,0.929778933680104,0.929778933680104,0.0,0.0,0.0,0.0,0.0,0.0,0.9152639319630796,0.925080022317486,0.9103558867858762,0.0,0.0,0.0,0.0,0.8146053055745756,0.8623366222172266,0.79073964725325,0.0,0.0,0.0,0.0,0.0003567249075977011,0.012614734564626603,1
2025-10-12 00:00:00+00:00,0.030394851777155594,0.028635156433062,0.026032733375189954,0,1.078987926610457,1.0784172375245595,0.9994710885341506,-0.0005706890858974134,-0.0005289114658494665,-3723528.5963984006,6387872.252260677,2664343.6558622723,-1858.8395122724892,522.1784945080273,-1336.661017764462,29,33,367.7799511420074,154.39854336601982,21,12,42234,8822870073.6383,84468,136.1707648380085,40165,-3.370543232449598,315975,0.929778933680104,0.929778933680104,0.0,0.0,0.0,0.0,0.0,0.0,0.9152639319630796,0.925080022317486,0.9103558867858762,0.0,0.0,0.0,0.0,0.8146053055745756,0.8623366222172266,0.79073964725325,0.0,0.0,0.0,0.0,9.248503268898672e-06,0.0003229772217420261,1
2025-10-13 00:00:00+00:00,0.02512252173554583,0.0286444049363309,0.026038492901107557,0,1.0790671328003227,1.0782968457386914,0.9992861546439356,-0.0007702870616312918,-0.0007138453560644502,-3726666.002037578,6388439.349573248,2661773.347535667,-3137.4056391769022,567.0973125715439,-2570.308326605358,33,36,94.04531356408614,473.0519990074577,20,16,41251,7671550782.6882305,82502,130.679261264311,40165,-3.370543232449598,315975,0.0,0.0,0.0,0.0,0.0,0.0,0.0,0.0,0.983986140815118,0.983986140815118,0.0,0.0,0.0,0.0,0.0,0.5099742219484988,0.5099742219484988,0.0,0.0,0.0,0.0,0.0,-0.0003498654902986016,-0.012214095250931624,0
2025-10-14 00:00:00+00:00,0.025729488773224892,0.0282945394460323,0.026092526115583357,0,1.0791483959285428,1.0784980437396678,0.9993973468418906,-0.0006503521888749919,-0.0006026531581093652,-3733824.128792846,6421410.404195183,2687586.2754023336,-7158.126755268964,32971.05462193535,25812.927866666385,67,35,26410.363369992672,6560.691251942671,18,17,41251,7671550782.6882305,82502,130.679261264311,40165,-3.370543232449598,315975,0.0,0.0,0.0,0.0,0.0,0.0,0.0,0.0,0.983986140815118,0.983986140815118,0.0,0.0,0.0,0.0,0.0,0.5099742219484988,0.5099742219484988,0.0,0.0,0.0,0.0,0.0,0.00029378810588340243,0.010383208620297932,1
2025-10-15 00:00:00+00:00,0.026005483295604197,0.0285883275519157,0.026147826725256746,0,1.079230366073665,1.0787364794345768,0.9995423714393017,-0.0004938866390882257,-0.0004576285606983324,-3734749.422931266,6422486.989687876,2687737.566756607,-925.2941384197248,1076.5854926929555,151.2913542732307,42,22,4.998478500874563,1071.5870141920814,7,15,41251,7671550782.6882305,82502,130.679261264311,40165,-3.370543232449598,315975,0.0,0.0,0.0,0.0,0.0,0.0,0.0,0.0,0.983986140815118,0.983986140815118,0.0,0.0,0.0,0.0,0.0,0.5099742219484988,0.5099742219484988,0.0,0.0,0.0,0.0,0.0,0.0004035640225396979,0.014116391447062985,1
2025-10-16 00:00:00+00:00,0.02753024255412193,0.0289918915744554,0.02615739456317402,0,1.0793173410993717,1.0789804367942493,0.9996878542646417,-0.00033690430512245406,-0.0003121457353583237,-3734857.7244256777,6424704.555241309,2689846.8308156286,-108.3014944115886,2217.565553433349,2109.2640590217607,39,24,2109.0466379326867,108.5189155006618,10,14,41251,7671550782.6882305,82502,130.679261264311,40165,-3.370543232449598,315975,0.0,0.0,0.0,0.0,0.0,0.0,0.0,0.0,0.983986140815118,0.983986140815118,0.0,0.0,0.0,0.0,0.0,0.5099742219484988,0.5099742219484988,0.0,0.0,0.0,0.0,0.0,-0.00017655874305529812,-0.006089935270414128,0
2025-10-17 00:00:00+00:00,0.024832532183876398,0.0288153328314001,0.02618615838119085,0,1.0793687323467724,1.0788732026267003,0.999540907842499,-0.0004955297200721631,-0.0004590921575009666,-3735159.966719704,6425468.582879809,2690308.616160102,-302.2422940262335,764.0276384997783,461.7853444735448,43,29,4.860791836918128,759.1668466628602,9,20,41251,7671550782.6882305,82502,130.679261264311,40165,-3.370543232449598,315975,0.0,0.0,0.0,0.0,0.0,0.0,0.0,0.0,0.983986140815118,0.983986140815118,0.0,0.0,0.0,0.0,0.0,0.5099742219484988,0.5099742219484988,0.0,0.0,0.0,0.0,0.0,-0.002508029161194702,-0.08703800771170339,0
2025-10-18 00:00:00+00:00,0.025353483704654865,0.0263073036702054,0.02619394962114228,0,1.0794485907922748,1.0786905447706843,0.9992977469904016,-0.0007580460215905749,-0.000702253009598352,-3735987.54825559,6425557.377942397,2689569.8296868047,-827.581535886209,88.79506258890999,-738.786473297299,21,24,39.965994006152286,48.82906858275772,13,11,41251,7671550782.6882305,82502,130.679261264311,40165,-3.370543232449598,315975,0.0,0.0,0.0,0.0,0.0,0.0,0.0,0.0,0.983986140815118,0.983986140815118,0.0,0.0,0.0,0.0,0.0,0.5099742219484988,0.5099742219484988,0.0,0.0,0.0,0.0,0.0,-0.0007475523195919972,-0.028416151231745013,0
2025-10-19 00:00:00+00:00,0.024057489956687817,0.0255597513506134,0.026144916734133973,0,1.0795246296422925,1.0787879181976654,0.9993175593919787,-0.0007367114446270584,-0.0006824406080213034,-3741632.1525193457,6426036.362829497,2684404.210310149,-5644.60426375566,478.98488709981166,-5165.619376655848,37,30,12.903749339491648,466.08113776032,15,15,41251,7671550782.6882305,82502,130.679261264311,40165,-3.370543232449598,315975,0.0,0.0,0.0,0.0,0.0,0.0,0.0,0.0,0.983986140815118,0.983986140815118,0.0,0.0,0.0,0.0,0.0,0.5099742219484988,0.5099742219484988,0.0,0.0,0.0,0.0,0.0,-8.060132707102957e-06,-0.0003153447229019904,0
2025-10-20 00:00:00+00:00,0.025068801624649768,0.0255516912179063,0.026169800312106285,0,1.0796036954798591,1.0789075279755795,0.9993551638372541,-0.0006961675042795878,-0.0006448361627459577,-3743673.047517691,6426232.260909028,2682559.2133913343,-2040.89499834546,195.89807953092372,-1844.996918814536,50,20,3.063484266956858,192.8345952639669,7,13,40799,7322330958.322964,81598,131.99563642139523,40165,-3.370543232449598,315975,0.0,0.0,0.0,0.0,0.0,0.0,0.0,0.0,0.983986140815118,0.983986140815118,0.0,0.0,0.0,0.0,0.0,0.5099742219484988,0.5099742219484988,0.0,0.0,0.0,0.0,0.0,0.00017502718227200079,0.006849925540323686,1
2025-10-21 00:00:00+00:00,0.026890720194726665,0.0257267184001783,0.026248222242439324,0,1.0796888120428372,1.0787600473960473,0.9991397848746505,-0.0009287646467899258,-0.0008602151253495406,-3744507.648035083,6446661.587873472,2702153.9398383857,-834.6005173922534,20429.326964443684,19594.72644705143,48,32,777.5424743427435,19651.78449010094,17,15,40799,7322330958.322964,81598,131.99563642139523,40165,-3.370543232449598,315975,0.0,0.0,0.0,0.0,0.0,0.0,0.0,0.0,0.983986140815118,0.983986140815118,0.0,0.0,0.0,0.0,0.0,0.5099742219484988,0.5099742219484988,0.0,0.0,0.0,0.0,0.0,7.379016525720095e-05,0.002868230767305695,1
2025-10-22 00:00:00+00:00,0.026857310167851634,0.0258005085654355,0.026242592375021922,0,1.0797449313254694,1.078796739059983,0.9991218367986943,-0.0009481922654863695,-0.0008781632013056927,-3746650.7508141217,6447774.651121273,2701123.900307148,-2143.1027790385906,1113.0632478009468,-1030.0395312376438,35,22,33.02671334912818,1080.0365344518186,9,13,40799,7322330958.322964,81598,131.99563642139523,40165,-3.370543232449598,315975,0.0,0.0,0.0,0.0,0.0,0.0,0.0,0.0,0.983986140815118,0.983986140815118,0.0,0.0,0.0,0.0,0.0,0.5099742219484988,0.5099742219484988,0.0,0.0,0.0,0.0,0.0,-0.0004604712578306011,-0.017847371367225164,0
2025-10-23 00:00:00+00:00,0.02462293058726675,0.0253400373076049,0.02624733669351461,0,1.0798225865214326,1.0788720697989909,0.9991197473230267,-0.0009505167224417299,-0.0008802526769733055,-3751752.831795376,6455850.687020162,2704097.855224783,-5102.080981254574,8076.035898889393,2973.954917634819,37,25,48.962074905572855,8027.073823983819,15,10,40799,7322330958.322964,81598,131.99563642139523,40165,-3.370543232449598,315975,0.0,0.0,0.0,0.0,0.0,0.0,0.0,0.0,0.983986140815118,0.983986140815118,0.0,0.0,0.0,0.0,0.0,0.5099742219484988,0.5099742219484988,0.0,0.0,0.0,0.0,0.0,-6.459219191329996e-05,-0.0025490172381835816,0
2025-10-24 00:00:00+00:00,0.0245737693441125,0.0252754451156916,0.026242276495107877,0,1.0799002134134812,1.0789790016230483,0.9991469473021761,-0.0009212117904329187,-0.0008530526978238474,-3757701.8623295473,6456893.456690442,2699191.5943608917,-5949.030534171099,1042.7696702797043,-4906.260863891394,28,29,960.732852353624,82.03681792608079,15,14,40799,7322330958.322964,81598,131.99563642139523,40165,-3.370543232449598,315975,0.0,0.0,0.0,0.0,0.0,0.0,0.0,0.0,0.983986140815118,0.983986140815118,0.0,0.0,0.0,0.0,0.0,0.5099742219484988,0.5099742219484988,0.0,0.0,0.0,0.0,0.0,-0.00015803657618999878,-0.006252573415290158,0
2025-10-25 00:00:00+00:00,0.024300265739802995,0.0251174085395016,0.026208807262885426,0,1.079976921931404,1.0794258808716017,0.9994897658935001,-0.0005510410598021931,-0.0005102341064999102,-3759112.125494737,6457323.488113064,2698211.3626183243,-1410.26316518983,430.0314226223005,-980.2317425675296,39,23,73.86929901571334,356.1621236065871,7,16,40799,7322330958.322964,81598,131.99563642139523,40165,-3.370543232449598,315975,0.0,0.0,0.0,0.0,0.0,0.0,0.0,0.0,0.983986140815118,0.983986140815118,0.0,0.0,0.0,0.0,0.0,0.5099742219484988,0.5099742219484988,0.0,0.0,0.0,0.0,0.0,0.00024955668759419833,0.009935606501830233,1
2025-10-26 00:00:00+00:00,0.02571327308694274,0.0253669652270958,0.02626296535311469,0,1.080059216736186,1.07959680276235,0.9995718623880333,-0.0004624139738360622,-0.00042813761196670657,-3767737.343160167,6457801.627808093,2690064.2846479234,-8625.217665429736,478.1396950286652,-8147.077970401071,47,18,5.116666616968189,473.023028411697,10,8,40799,7322330958.322964,81598,131.99563642139523,40165,-3.370543232449598,315975,0.0,0.0,0.0,0.0,0.0,0.0,0.0,0.0,0.983986140815118,0.983986140815118,0.0,0.0,0.0,0.0,0.0,0.5099742219484988,0.5099742219484988,0.0,0.0,0.0,0.0,0.0,3.6749413020099875e-05,0.0014487114517287973,1
2025-10-27 00:00:00+00:00,0.025313032376019194,0.0254037146401159,0.02621944328516274,0,1.080137875228735,1.0794712021646002,0.9993827889203556,-0.0006666730641347041,-0.0006172110796443707,-3772988.0649480633,6459234.672221552,2686246.6072734855,-5250.721787896461,1433.0444134584936,-3817.677374437967,129,24,175.32962516683648,1257.7147882916572,11,13,40796,7742303872.149611,81592,134.48774624467455,40165,-3.370543232449598,315975,0.0,0.0,0.0,0.0,0.0,0.0,0.0,0.0,0.983986140815118,0.983986140815118,0.0,0.0,0.0,0.0,0.0,0.5099742219484988,0.5099742219484988,0.0,0.0,0.0,0.0,0.0,-0.0005105143784895974,-0.020096052318404892,0
2025-10-28 00:00:00+00:00,0.022804456598499362,0.0248932002616263,0.026130270092252328,0,1.0801859019217277,1.0795373600099591,0.9993996015772704,-0.000648541911768552,-0.0006003984227295966,-3775824.4527729135,6460020.736094889,2684196.283321973,-2836.387824850182,786.0638733374387,-2050.3239515127434,43,35,269.6447335858329,516.4191397516058,15,20,40796,7742303872.149611,81592,134.48774624467455,40165,-3.370543232449598,315975,0.0,0.0,0.0,0.0,0.0,0.0,0.0,0.0,0.983986140815118,0.983986140815118,0.0,0.0,0.0,0.0,0.0,0.5099742219484988,0.5099742219484988,0.0,0.0,0.0,0.0,0.0,-0.00019880268326220168,-0.007986224397538096,0
2025-10-29 00:00:00+00:00,0.02486560045661926,0.0246943975783641,0.02613318528759543,0,1.08026443623512,1.0798245358294243,0.999592784515587,-0.0004399004056956368,-0.0004072154844130149,-3776252.5818017614,6460284.75529362,2684032.173491856,-428.12902884790446,264.01919873084626,-164.1098301170582,35,23,238.4124857396712,25.60671299117512,14,9,40796,7742303872.149611,81592,134.48774624467455,40165,-3.370543232449598,315975,0.0,0.0,0.0,0.0,0.0,0.0,0.0,0.0,0.983986140815118,0.983986140815118,0.0,0.0,0.0,0.0,0.0,0.5099742219484988,0.5099742219484988,0.0,0.0,0.0,0.0,0.0,-4.501599669819861e-05,-0.0018229234608921662,0
2025-10-30 00:00:00+00:00,0.024323307943105988,0.0246493815816659,0.026044835218933384,0,1.0803413133748945,1.07991170431025,0.999602339502039,-0.00042960906464450943,-0.00039766049796100754,-3778779.638450279,6460832.625135503,2682052.986685221,-2527.056648517724,547.8698418827224,-1979.1868066350016,18,32,21.54259970573602,526.3272421769864,13,19,40796,7742303872.149611,81592,134.48774624467455,40165,-3.370543232449598,315975,0.0,0.0,0.0,0.0,0.0,0.0,0.0,0.0,0.983986140815118,0.983986140815118,0.0,0.0,0.0,0.0,0.0,0.5099742219484988,0.5099742219484988,0.0,0.0,0.0,0.0,0.0,4.9157589029898835e-05,0.001994272710941439,1
2025-10-31 00:00:00+00:00,0.02489916820980945,0.0246985391706958,0.02604453502130857,0,1.080420732704067,1.0798886299532942,0.9995075041280992,-0.000532102750772756,-0.000492495871900768,-3781000.9117719135,6461929.332091865,2680928.420319949,-2221.273321634734,1096.7069563624,-1124.5663652723342,15,42,280.06051321000007,816.6464431523999,20,22,40796,7742303872.149611,81592,134.48774624467455,40165,-3.370543232449598,315975,0.0,0.0,0.0,0.0,0.0,0.0,0.0,0.0,0.983986140815118,0.983986140815118,0.0,0.0,0.0,0.0,0.0,0.5099742219484988,0.5099742219484988,0.0,0.0,0.0,0.0,0.0,0.00033488990646430086,0.013559097732453722,1
2025-11-01 00:00:00+00:00,0.026535354982366893,0.0250334290771601,0.026120324126302056,0,1.0805045261817965,1.0798769252659355,0.9994191593828128,-0.0006276009158610041,-0.0005808406171872059,-3788460.211520526,6463073.983928228,2674613.7724076984,-7459.299748612773,1144.6518363623572,-6314.647912250416,26,23,55.23381469309301,1089.418021669264,11,12,40796,7742303872.149611,81592,134.48774624467455,40165,-3.370543232449598,315975,0.0,0.0,0.0,0.0,0.0,0.0,0.0,0.0,0.983986140815118,0.983986140815118,0.0,0.0,0.0,0.0,0.0,0.5099742219484988,0.5099742219484988,0.0,0.0,0.0,0.0,0.0,-0.0003887065240061015,-0.015527498162876454,0
2025-11-02 00:00:00+00:00,0.022383391141368832,0.024644722553154,0.02607054051940393,0,1.0805516452913286,1.0799283810718183,0.9994231981208614,-0.0006232642195103111,-0.0005768018791385693,-3792027.933260655,6463126.3335755365,2671098.4003148777,-3567.7217401291628,52.34964730839569,-3515.372092820767,18,22,2.5311,49.81854730839569,9,13,40796,7742303872.149611,81592,134.48774624467455,40165,-3.370543232449598,315975,0.0,0.0,0.0,0.0,0.0,0.0,0.0,0.0,0.983986140815118,0.983986140815118,0.0,0.0,0.0,0.0,0.0,0.5099742219484988,0.5099742219484988,0.0,0.0,0.0,0.0,0.0,5.716252629980184e-05,0.002319463170117379,1
2025-11-03 00:00:00+00:00,0.02566438388836444,0.0247018850794538,0.026094474782946613,0,1.080632750993964,1.0798256674501734,0.9992531379943388,-0.0008070835437905544,-0.0007468620056612207,-3796953.094756376,6463243.10866076,2666290.0139043806,-4925.161495720977,116.77508522397336,-4808.386410497003,18,24,45.91071581267546,70.8643694112979,8,16,40796,7742303872.149611,81592,134.48774624467455,40165,-3.370543232449598,315975,0.0,0.0,0.0,0.0,0.0,0.0,0.0,0.0,0.983986140815118,0.983986140815118,0.0,0.0,0.0,0.0,0.0,0.5099742219484988,0.5099742219484988,0.0,0.0,0.0,0.0,0.0,0.0003910556188066981,0.015831003081297833,1
2025-11-04 00:00:00+00:00,0.026042793154149552,0.0250929406982605,0.02604507746271808,0,1.080715058739543,1.079343360485183,0.9987307493836906,-0.0013716982543601208,-0.0012692506163094984,-3796983.096165056,6464043.153802512,2667060.057637452,-30.001408679811973,800.045141751492,770.04373307168,16,43,78.67341085352193,721.37173089797,20,23,40796,7742303872.149611,81592,134.48774624467455,40165,-3.370543232449598,315975,0.0,0.0,0.0,0.0,0.0,0.0,0.0,0.0,0.983986140815118,0.983986140815118,0.0,0.0,0.0,0.0,0.0,0.5099742219484988,0.5099742219484988,0.0,0.0,0.0,0.0,0.0,0.00047813516994470173,0.01905456899987203,1
2025-11-05 00:00:00+00:00,0.02806029007570157,0.0255710758682052,0.026181965792505743,0,1.080803599489574,1.0789274016400587,0.9982640714275921,-0.0018761978495152043,-0.0017359285724078523,-3799220.129857288,6469018.197376699,2669798.0675194063,-2237.0336922324727,4975.043574186665,2738.009881954192,31,40,200.38290693860404,4774.660667248061,14,26,40796,7742303872.149611,81592,134.48774624467455,40165,-3.370543232449598,315975,0.0,0.0,0.0,0.0,0.0,0.0,0.0,0.0,0.983986140815118,0.983986140815118,0.0,0.0,0.0,0.0,0.0,0.5099742219484988,0.5099742219484988,0.0,0.0,0.0,0.0,0.0,0.00044244510544409754,0.01730256121113109,1
2025-11-06 00:00:00+00:00,0.027276951234103907,0.0260135209736493,0.026155287593284504,0,1.0808896306907356,1.07879721331263,0.9980641711061947,-0.0020924173781056155,-0.0019358288938052532,-3806392.187141314,6469073.129397744,2662680.942256426,-7172.057284025974,54.93202104539233,-7117.125262980581,20,26,29.65729202287222,25.274729022520106,16,10,40796,7742303872.149611,81592,134.48774624467455,40165,-3.370543232449598,315975,0.0,0.0,0.0,0.0,0.0,0.0,0.0,0.0,0.983986140815118,0.983986140815118,0.0,0.0,0.0,0.0,0.0,0.5099742219484988,0.5099742219484988,0.0,0.0,0.0,0.0,0.0,1.8936061088600104e-05,0.0007279314902346979,1
2025-11-07 00:00:00+00:00,0.024522702389529496,0.0260324570347379,0.026189856164323556,0,1.0809416952645077,1.0781427244186816,0.9974106181137354,-0.002798970845826032,-0.002589381886264569,-3810550.671857311,6472008.268575862,2661457.596718547,-4158.4847159965975,2935.1391781173597,-1223.3455378792378,22,22,40.054126300933845,2895.0850518164257,10,12,40796,7742303872.149611,81592,134.48774624467455,40165,-3.370543232449598,315975,0.0,0.0,0.0,0.0,0.0,0.0,0.0,0.0,0.983986140815118,0.983986140815118,0.0,0.0,0.0,0.0,0.0,0.5099742219484988,0.5099742219484988,0.0,0.0,0.0,0.0,0.0,6.004695545870284e-05,0.0023066188250527313,1
