timestamp,eth_price,market_cap,total_volume,amount_staked,earned_rewards,validators,marketshare,days_since_deposit,days_since_withdrawal,future_return,target_label
2025-01-14 00:00:00+00:00,3134.5520394596483,377643507549.0125,41743898872.017,352770.617334948,88212.66855716996,11055.101680693719,0.00012718515334376768,1180.0,128.55844155844156,0.028791549078037715,1
2025-01-15 00:00:00+00:00,3224.8006483414138,388487746270.3852,22365842880.809456,352770.617334948,88212.66855716996,11055.101680693719,0.00012718515334376768,1180.0,128.55844155844156,0.06891384106105325,1
2025-01-16 00:00:00+00:00,3447.0340476747956,415058425772.0614,23773995063.82853,352770.617334948,88212.66855716996,11055.101680693719,0.00012718515334376768,1180.0,128.55844155844156,-0.03991473010763724,0
2025-01-17 00:00:00+00:00,3309.4466139900196,398587196539.9218,25012556602.905136,352770.617334948,88212.66855716996,11055.101680693719,0.00012718515334376768,1180.0,128.55844155844156,0.050714723840925346,1
2025-01-18 00:00:00+00:00,3477.284285084809,419024911827.7939,27778832363.7708,352770.617334948,88212.66855716996,11055.101680693719,0.00012718515334376768,1180.0,128.55844155844156,-0.04836668609069761,0
2025-01-19 00:00:00+00:00,3309.0995676199964,398761138447.4049,32195594202.134895,352770.556850809,88204.77360836897,11055.099790564374,0.00013057673510777056,1166.16,124.12,-0.030510724010478274,0
2025-01-20 00:00:00+00:00,3208.1365439891497,388676714260.872,59678736709.7496,352770.556850809,88204.77360836897,11055.099790564374,0.00013057673510777056,1166.16,124.12,0.017123125882714918,1
2025-01-21 00:00:00+00:00,3263.069869880814,393073139255.5516,49563768850.78339,352770.556850809,88204.77360836897,11055.099790564374,0.00013057673510777056,1166.16,124.12,0.01929430661942888,1
2025-01-22 00:00:00+00:00,3326.0285404709143,400135429379.4123,33762939512.697853,352770.556850809,88204.77360836897,11055.099790564374,0.00013057673510777056,1166.16,124.12,-0.026677123260406055,0
2025-01-23 00:00:00+00:00,3237.2996671291435,390083338462.87006,21782301388.383984,352770.556850809,88204.77360836897,11055.099790564374,0.00013057673510777056,1166.16,124.12,0.029432315761337646,1
2025-01-24 00:00:00+00:00,3332.580893146162,401547418905.6495,33863218042.431107,352770.556850809,88204.77360836897,11055.099790564374,0.00013057673510777056,1166.16,124.12,-0.006220676989446172,0
2025-01-25 00:00:00+00:00,3311.8499838687,398942774193.46027,25895320216.86812,352770.556850809,88204.77360836897,11055.099790564374,0.00013057673510777056,1166.16,124.12,0.0025005439106791094,1
2025-01-26 00:00:00+00:00,3320.1314101789453,400427749273.5654,12706329663.414034,352770.556850809,88204.77360836897,11055.099790564374,0.00013057673510777056,1166.16,124.12,-0.02646119230071431,0
2025-01-27 00:00:00+00:00,3232.2767744705584,390058879989.8578,13000445022.22209,352770.556850809,88204.77360836897,11055.099790564374,0.00013057673510777056,1166.16,124.12,-0.018173618978053918,0
2025-01-28 00:00:00+00:00,3173.5346079397173,382221069555.6103,41151086046.07612,352642.505612789,88067.16079631497,11051.098189376251,0.00013596819833734984,1168.625,117.375,-0.03057815673766784,0
2025-01-29 00:00:00+00:00,3076.4937692857234,370532757630.7433,19807794444.483303,352610.505612789,88042.28836558296,11050.098189376251,0.0001378707665027796,1168.0985915492959,115.01408450704226,0.012332908497778572,1
2025-01-30 00:00:00+00:00,3114.4358854363104,375574817164.75665,22051422147.78046,352610.505612789,88042.28836558296,11050.098189376251,0.0001378707665027796,1168.0985915492959,115.01408450704226,0.042965597571531955,1
2025-01-31 00:00:00+00:00,3248.249484352305,391509879851.78656,19504592311.356525,352610.505612789,88042.28836558296,11050.098189376251,0.0001378707665027796,1168.0985915492959,115.01408450704226,0.014820644388079174,1
2025-02-01 00:00:00+00:00,3296.390634843652,396910231325.1062,31441846706.25425,352610.505612789,88042.28836558296,11050.098189376251,0.0001378707665027796,1168.0985915492959,115.01408450704226,-0.05198168957899829,0
2025-02-02 00:00:00+00:00,3125.0386801320924,376840076476.98303,18969060074.552982,352610.505612789,88042.28836558296,11050.098189376251,0.0001378707665027796,1168.0985915492959,115.01408450704226,-0.08394810052379098,0
2025-02-03 00:00:00+00:00,2862.6976188716285,344091054313.7205,38896518795.21238,352610.663399091,88421.42363641696,11050.103120198188,0.0001359559554126157,1155.75,116.81944444444444,0.005280405788791187,1
2025-02-04 00:00:00+00:00,2877.8138239498767,346820394641.11206,96588727629.45804,352610.663399091,88421.42363641696,11050.103120198188,0.0001359559554126157,1155.75,116.81944444444444,-0.04775598981772633,0
2025-02-05 00:00:00+00:00,2740.3809762760143,329090090858.6241,52737830809.63367,352610.663399091,88421.42363641696,11050.103120198188,0.0001359559554126157,1155.75,116.81944444444444,0.018308105728340074,1
2025-02-06 00:00:00+00:00,2790.5521609256075,335828291113.4543,30026391038.27177,352610.663399091,88421.42363641696,11050.103120198188,0.0001359559554126157,1155.75,116.81944444444444,-0.03722913536133188,0
2025-02-07 00:00:00+00:00,2686.662316793651,323756512126.7498,31349967107.97825,352610.663399091,88421.42363641696,11050.103120198188,0.0001359559554126157,1155.75,116.81944444444444,-0.0235279344992686,0
2025-02-08 00:00:00+00:00,2623.4507017824767,315636240722.9841,30948837988.08186,352610.663399091,88421.42363641696,11050.103120198188,0.0001359559554126157,1155.75,116.81944444444444,0.004631472591273944,1
2025-02-09 00:00:00+00:00,2635.6011418023404,317758860998.56256,16335613332.591797,353058.663399091,88521.70869757897,11064.103120198188,0.00013612820569436173,1148.2222222222222,114.38888888888889,-0.0011630438682375122,0
2025-02-10 00:00:00+00:00,2632.5358220552475,317369673472.60657,17155535243.908035,352738.661304131,88476.22432185797,11054.103054730687,0.00013989103094401044,1158.6571428571428,109.85714285714286,0.010545337068468719,1
2025-02-11 00:00:00+00:00,2660.2967996436387,320711545303.1932,18843420567.42921,352738.661304131,88476.22432185797,11054.103054730687,0.00013989103094401044,1158.6571428571428,109.85714285714286,-0.021525203445864616,0
2025-02-12 00:00:00+00:00,2603.0333698049267,313943237177.0695,21212910085.211273,352738.666345166,88927.30607546896,11054.103212263031,0.0001379207366990438,1146.1408450704225,108.32394366197182,0.05118526152751457,1
2025-02-13 00:00:00+00:00,2736.2703136032396,329492522913.44,26503660438.845695,352738.666345166,88927.30607546896,11054.103212263031,0.0001379207366990438,1146.1408450704225,108.32394366197182,-0.022132796090502893,0
2025-02-14 00:00:00+00:00,2675.7090007037627,322584072350.2765,18938191215.29619,352738.666345166,88927.30607546896,11054.103212263031,0.0001379207366990438,1146.1408450704225,108.32394366197182,0.01829826519653488,1
2025-02-15 00:00:00+00:00,2724.6698335873957,328399065363.05505,17416785872.704834,352738.666345166,88927.30607546896,11054.103212263031,0.0001379207366990438,1146.1408450704225,108.32394366197182,-0.011688919812731124,0
2025-02-16 00:00:00+00:00,2692.8213863864253,324625278431.52954,8896321414.559013,352738.666345166,88927.30607546896,11054.103212263031,0.0001379207366990438,1146.1408450704225,108.32394366197182,-0.012224961946419866,0
2025-02-17 00:00:00+00:00,2659.9017474093457,320529173059.00665,8757895115.47748,352738.666345166,88927.30607546896,11054.103212263031,0.0001379207366990438,1146.1408450704225,108.32394366197182,0.03082945930846326,1
2025-02-18 00:00:00+00:00,2741.9050800956124,330464530098.92377,24666373348.432693,352738.532011201,88926.19631903796,11054.099014326624,0.00013989097981220106,1149.5857142857142,106.08571428571429,-0.02640885708686902,0
2025-02-19 00:00:00+00:00,2669.4945006896073,321688672383.7524,24353300611.506603,352738.532011201,88926.19631903796,11054.099014326624,0.00013989097981220106,1149.5857142857142,106.08571428571429,0.0169722529005929,1
2025-02-20 00:00:00+00:00,2714.8018364720533,327248168186.7616,13398586820.912325,352738.532011201,88926.19631903796,11054.099014326624,0.00013989097981220106,1149.5857142857142,106.08571428571429,0.009868685724126802,1
2025-02-21 00:00:00+00:00,2741.5933625994785,330517520397.0965,14550027648.522173,352738.532011201,88926.19631903796,11054.099014326624,0.00013989097981220106,1149.5857142857142,106.08571428571429,-0.03036419238650656,0
2025-02-22 00:00:00+00:00,2658.3470942919384,320508273451.5576,31770375573.3895,352738.532011201,88926.19631903796,11054.099014326624,0.00013989097981220106,1149.5857142857142,106.08571428571429,0.03987746345839316,1
2025-02-23 00:00:00+00:00,2764.355233404291,333381856893.82196,17576653979.14654,352738.532011201,88926.19631903796,11054.099014326624,0.00013989097981220106,1149.5857142857142,106.08571428571429,0.022728328951527432,1
2025-02-24 00:00:00+00:00,2827.1844084879804,340712999974.1412,21394599890.269897,352738.532011201,88926.19631903796,11054.099014326624,0.00013989097981220106,1149.5857142857142,106.08571428571429,-0.11463029698961114,0
2025-02-25 00:00:00+00:00,2503.103420098605,301769340440.05,31014455208.756138,352738.532011201,88926.19631903796,11054.099014326624,0.00013989097981220106,1149.5857142857142,106.08571428571429,-0.0031113250627299305,0
2025-02-26 00:00:00+00:00,2495.315451693047,301064649480.5458,42875934003.323944,352738.532011201,88926.19631903796,11054.099014326624,0.00013989097981220106,1149.5857142857142,106.08571428571429,-0.0679118613555233,0
2025-02-27 00:00:00+00:00,2325.853934699374,280668025121.2334,28109120496.698666,352738.532011201,88926.19631903796,11054.099014326624,0.00013989097981220106,1149.5857142857142,106.08571428571429,-0.00882729417788819,0
2025-02-28 00:00:00+00:00,2305.3229378029837,277936135130.74036,89259450649.58,352738.532011201,88926.19631903796,11054.099014326624,0.00013989097981220106,1149.5857142857142,106.08571428571429,-0.0304160115896166,0
2025-03-01 00:00:00+00:00,2235.204208608959,269516471615.1616,32905594283.00643,352738.532011201,88926.19631903796,11054.099014326624,0.00013989097981220106,1149.5857142857142,106.08571428571429,-0.01001244406473778,0
2025-03-02 00:00:00+00:00,2212.8243514969954,266823935338.2421,16103021679.018568,352738.532011201,88926.19631903796,11054.099014326624,0.00013989097981220106,1149.5857142857142,106.08571428571429,0.1376132215190491,1
2025-03-03 00:00:00+00:00,2517.3382391622977,303306117779.7704,37907412347.33495,352738.532011201,88926.19631903796,11054.099014326624,0.00013989097981220106,1149.5857142857142,106.08571428571429,-0.14663850091710728,0
2025-03-04 00:00:00+00:00,2148.199533470228,259111889993.75623,33501080617.480988,352738.532011201,88926.19631903796,11054.099014326624,0.00013989097981220106,1149.5857142857142,106.08571428571429,0.01084508664199979,1
2025-03-05 00:00:00+00:00,2171.496943535016,261805780842.5489,35524086282.76523,404837.469383729,93500.60267681596,12682.190807218125,0.0001582341928152926,1136.9014084507041,107.45070422535211,0.03218386817986585,1
2025-03-06 00:00:00+00:00,2241.3841149187283,270490243838.00568,22236307931.758247,404837.469383729,93500.60267681596,12682.190807218125,0.0001582341928152926,1136.9014084507041,107.45070422535211,-0.017428239233596488,0
2025-03-07 00:00:00+00:00,2202.3207363495417,265270135615.0983,19895800679.328133,404837.469383729,93500.60267681596,12682.190807218125,0.0001582341928152926,1136.9014084507041,107.45070422535211,-0.027957293590536336,0
2025-03-08 00:00:00+00:00,2140.7498089428914,257899503839.8083,21716710066.08888,404837.469383729,93500.60267681596,12682.190807218125,0.0001582341928152926,1136.9014084507041,107.45070422535211,0.027677074121490675,1
2025-03-09 00:00:00+00:00,2199.9995000805707,265129957012.69815,11257666715.795546,404837.469383729,93500.60267681596,12682.190807218125,0.0001582341928152926,1136.9014084507041,107.45070422535211,-0.08306094610001158,0
2025-03-10 00:00:00+00:00,2017.265460184326,243298514477.01385,17577023963.685375,404837.311597427,93121.46740598197,12682.185876396188,0.00016049461888392567,1149.1571428571428,105.48571428571428,-0.06848000791755038,0
2025-03-11 00:00:00+00:00,1879.1231054991024,226713493940.29108,36577317615.21765,404837.311597427,93121.46740598197,12682.185876396188,0.00016049461888392567,1149.1571428571428,105.48571428571428,0.02245026796602323,1
2025-03-12 00:00:00+00:00,1921.3099227587031,232024934655.6445,30046602111.893852,404837.311597427,93121.46740598197,12682.185876396188,0.00016049461888392567,1149.1571428571428,105.48571428571428,-0.0055455835257219865,0
2025-03-13 00:00:00+00:00,1910.6551381032464,230443739229.907,24499314730.70381,404837.311597427,93121.46740598197,12682.185876396188,0.00016049461888392567,1149.1571428571428,105.48571428571428,-0.025049105147106454,0
2025-03-14 00:00:00+00:00,1862.7949366490388,224658866951.8703,19212414462.181553,404837.311597427,93121.46740598197,12682.185876396188,0.00016049461888392567,1149.1571428571428,105.48571428571428,0.025698659983788064,1
2025-03-15 00:00:00+00:00,1910.6662703455045,230476916425.01935,12949972214.265629,160613.311597427,39769.97712212401,5050.185876396187,6.579044924966761e-05,1142.264705882353,101.52941176470588,0.015240452128442383,1
2025-03-16 00:00:00+00:00,1939.7856881721348,233970291611.3664,6944891086.050841,179813.311597427,40828.33811092101,5650.185876396187,7.254008266781735e-05,1129.159420289855,101.02898550724638,-0.026818088987900612,0
2025-03-17 00:00:00+00:00,1887.7643429692785,227688957214.28125,9486242392.181334,179813.093664393,39835.34402083901,5650.179065988875,7.36067598679642e-05,1136.8235294117646,99.01470588235294,0.021940776107384874,1
2025-03-18 00:00:00+00:00,1929.183357761872,232725366276.39935,11251166846.249077,179813.093664393,39835.34402083901,5650.179065988875,7.36067598679642e-05,1136.8235294117646,99.01470588235294,0.0018728381253430015,1
2025-03-19 00:00:00+00:00,1932.7964059050655,233152161415.72287,10887619567.393353,179813.093664393,39835.34402083901,5650.179065988875,7.36067598679642e-05,1136.8235294117646,99.01470588235294,0.06619020750056648,1
2025-03-20 00:00:00+00:00,2060.728601068271,248434080718.19073,20374739988.65224,179813.093664393,39835.34402083901,5650.179065988875,7.36067598679642e-05,1136.8235294117646,99.01470588235294,-0.03877115137927811,0
2025-03-21 00:00:00+00:00,1980.831780524645,238984217654.16632,14303790085.616615,179813.093664393,39835.34402083901,5650.179065988875,7.36067598679642e-05,1136.8235294117646,99.01470588235294,-0.00823007656081609,0
2025-03-22 00:00:00+00:00,1964.5293833168296,236980043535.89395,9890112887.282017,179813.093664393,39835.34402083901,5650.179065988875,7.36067598679642e-05,1136.8235294117646,99.01470588235294,0.0076433280037866425,1
2025-03-23 00:00:00+00:00,1979.5449257665969,238753335160.5841,6195605844.536302,179813.093664393,39835.34402083901,5650.179065988875,7.36067598679642e-05,1136.8235294117646,99.01470588235294,0.010862141620890275,1
2025-03-24 00:00:00+00:00,2001.0470230951885,241404254258.0785,7991413702.677865,179813.093664393,39835.34402083901,5650.179065988875,7.36067598679642e-05,1136.8235294117646,99.01470588235294,0.03832608721916109,1
2025-03-25 00:00:00+00:00,2077.739325831977,250648654235.6259,15676451247.546822,179813.093664393,39835.34402083901,5650.179065988875,7.36067598679642e-05,1136.8235294117646,99.01470588235294,-0.004399440617589456,0
2025-03-26 00:00:00+00:00,2068.598435049149,249404519198.06433,12563169733.005243,179813.093664393,39835.34402083901,5650.179065988875,7.36067598679642e-05,1136.8235294117646,99.01470588235294,-0.02838390030857363,0
2025-03-27 00:00:00+00:00,2009.8835432902424,242347645799.6622,14024859854.906675,179813.093664393,39835.34402083901,5650.179065988875,7.36067598679642e-05,1136.8235294117646,99.01470588235294,-0.0032738808091657967,0
2025-03-28 00:00:00+00:00,2003.3034241292064,241580699763.4796,12136188059.422691,179813.093664393,39835.34402083901,5650.179065988875,7.36067598679642e-05,1136.8235294117646,99.01470588235294,-0.05310531734824542,0
2025-03-29 00:00:00+00:00,1896.9173600459983,228784244898.24844,18419487648.39739,179813.093664393,39835.34402083901,5650.179065988875,7.36067598679642e-05,1136.8235294117646,99.01470588235294,-0.03565934936881565,0
2025-03-30 00:00:00+00:00,1829.2745211803465,220262156018.88525,12924117064.878807,179813.093664393,39835.34402083901,5650.179065988875,7.36067598679642e-05,1136.8235294117646,99.01470588235294,-0.013085320415061386,0
2025-03-31 00:00:00+00:00,1805.3378779435936,217784813538.97607,10056531345.160349,179813.093664393,39835.34402083901,5650.179065988875,7.36067598679642e-05,1136.8235294117646,99.01470588235294,0.010451926505239406,1
2025-04-01 00:00:00+00:00,1824.207136760985,219908040559.4464,17022367813.88877,179813.093664393,39835.34402083901,5650.179065988875,7.36067598679642e-05,1136.8235294117646,99.01470588235294,0.045477300174222135,1
2025-04-02 00:00:00+00:00,1907.1671522994227,230031614721.6339,15899367803.5509,179813.093664393,39835.34402083901,5650.179065988875,7.36067598679642e-05,1136.8235294117646,99.01470588235294,-0.058414020814916534,0
2025-04-03 00:00:00+00:00,1795.761850567479,216667567217.0052,23450470660.978283,179813.093664393,39835.34402083901,5650.179065988875,7.36067598679642e-05,1136.8235294117646,99.01470588235294,0.012542069194536598,1
2025-04-04 00:00:00+00:00,1818.2844199542053,219762279056.2319,16999031833.158594,179749.066209802,39822.675592511005,5648.178208032907,7.581041202742767e-05,1142.2878787878788,95.34848484848484,-0.0020918864878964882,0
2025-04-05 00:00:00+00:00,1814.4807753449504,218925876283.93597,19459233591.298603,179749.066209802,39822.675592511005,5648.178208032907,7.581041202742767e-05,1142.2878787878788,95.34848484848484,-0.002504820240870509,0
2025-04-06 00:00:00+00:00,1809.935827172196,217957146409.9286,6780827627.545529,179749.066209802,39822.675592511005,5648.178208032907,7.581041202742767e-05,1142.2878787878788,95.34848484848484,-0.13000663476244445,0
2025-04-07 00:00:00+00:00,1574.6321611455576,190295586491.21872,23485484227.161697,179749.066209802,39822.675592511005,5648.178208032907,7.581041202742767e-05,1142.2878787878788,95.34848484848484,-0.011889982331533155,0
2025-04-08 00:00:00+00:00,1555.909812570873,188565143892.71408,49416724296.56089,179749.066209802,39822.675592511005,5648.178208032907,7.581041202742767e-05,1142.2878787878788,95.34848484848484,-0.05434050640417132,0
2025-04-09 00:00:00+00:00,1471.3608854365525,177496121145.5316,22451028357.38476,179749.066209802,39822.675592511005,5648.178208032907,7.581041202742767e-05,1142.2878787878788,95.34848484848484,0.12992888211166798,1
2025-04-10 00:00:00+00:00,1662.5331604641576,200623016236.85327,41589589714.84994,179749.066209802,39822.675592511005,5648.178208032907,7.581041202742767e-05,1142.2878787878788,95.34848484848484,-0.08336948670722155,0
2025-04-11 00:00:00+00:00,1523.928624242526,183947227079.4255,20486375929.10568,179749.066209802,39822.675592511005,5648.178208032907,7.581041202742767e-05,1142.2878787878788,95.34848484848484,0.029005994887314035,1
2025-04-12 00:00:00+00:00,1568.131690125936,189185664203.6754,14195085224.783228,179525.066209802,39754.038477006005,5641.178208032907,7.932200291535507e-05,1114.7301587301588,89.7936507936508,0.04956910422712735,1
2025-04-13 00:00:00+00:00,1645.8625733156498,198696438258.60336,11756571644.476357,179525.066209802,39754.038477006005,5641.178208032907,7.932200291535507e-05,1114.7301587301588,89.7936507936508,-0.030646439218754762,0
2025-04-14 00:00:00+00:00,1595.4227460001084,192382635779.77805,13775001676.60885,179525.066209802,39754.038477006005,5641.178208032907,7.932200291535507e-05,1114.7301587301588,89.7936507936508,0.016372118087241372,1
2025-04-15 00:00:00+00:00,1621.543195596693,195686083638.74744,15415724739.820593,179525.066209802,39754.038477006005,5641.178208032907,7.932200291535507e-05,1114.7301587301588,89.7936507936508,-0.020795604635215792,0
2025-04-16 00:00:00+00:00,1587.82222440214,191837036865.40182,11786525215.180002,179525.066209802,39754.038477006005,5641.178208032907,7.932200291535507e-05,1114.7301587301588,89.7936507936508,-0.006370280356755242,0
2025-04-17 00:00:00+00:00,1577.7073516760115,190419833063.11868,13120084885.866234,179525.066209802,39754.038477006005,5641.178208032907,7.932200291535507e-05,1114.7301587301588,89.7936507936508,0.0036566337971957186,1
2025-04-18 00:00:00+00:00,1583.4764497002343,191135638825.23685,9437178720.867388,179525.020357402,39747.08903486001,5641.176775145406,8.060136958599462e-05,1124.774193548387,87.91935483870968,0.0035839946517144394,1
2025-04-19 00:00:00+00:00,1589.1516208270757,191865697060.91525,5254078676.877919,179525.020357402,39747.08903486001,5641.176775145406,8.060136958599462e-05,1124.774193548387,87.91935483870968,0.01629714480944333,1
2025-04-20 00:00:00+00:00,1615.0502549158562,194945047366.35385,5148626529.402773,179525.020357402,39747.08903486001,5641.176775145406,8.060136958599462e-05,1124.774193548387,87.91935483870968,-0.018321553451012162,0
2025-04-21 00:00:00+00:00,1585.4600253443446,191374869502.39383,6695768150.024456,127426.08298487401,35172.682677082004,4013.084982253906,5.827911166065519e-05,1139.1311475409836,86.0327868852459,-0.005054347396976744,0
2025-04-22 00:00:00+00:00,1577.4465595922347,190376888818.46906,15275062279.387148,127426.08298487401,35172.682677082004,4013.084982253906,5.827911166065519e-05,1139.1311475409836,86.0327868852459,0.1155410934402672,1
2025-04-23 00:00:00+00:00,1759.7064599311093,212582611840.14056,24271980430.95098,127426.08298487401,35172.682677082004,4013.084982253906,5.827911166065519e-05,1139.1311475409836,86.0327868852459,0.019471082441651077,1
2025-04-24 00:00:00+00:00,1793.969849485534,216572719914.54987,22099177230.61867,127394.08298487401,35165.105389723,4012.084982253906,5.923566587846883e-05,1143.0666666666666,84.13333333333334,-0.013699973138980859,0
2025-04-25 00:00:00+00:00,1769.3925107354407,213593284213.58224,12923295609.972548,127394.08298487401,35165.105389723,4012.084982253906,5.923566587846883e-05,1143.0666666666666,84.13333333333334,0.010967419371306741,1
2025-04-26 00:00:00+00:00,1788.7981804331257,215954892518.00415,15656748328.784924,127394.08298487401,35165.105389723,4012.084982253906,5.923566587846883e-05,1143.0666666666666,84.13333333333334,0.018152606734064936,1
2025-04-27 00:00:00+00:00,1821.2695303291391,219830529458.7114,10293614895.776522,127394.08298487401,35165.105389723,4012.084982253906,5.923566587846883e-05,1143.0666666666666,84.13333333333334,-0.015142012643862612,0
2025-04-28 00:00:00+00:00,1793.6918440730135,216533502206.27112,9632458065.106846,127394.08298487401,35165.105389723,4012.084982253906,5.923566587846883e-05,1143.0666666666666,84.13333333333334,0.0032391686666664032,1
2025-04-29 00:00:00+00:00,1799.50191449199,217264115049.6792,16777384305.88931,127394.08298487401,35165.105389723,4012.084982253906,5.923566587846883e-05,1143.0666666666666,84.13333333333334,-0.0014058716996760978,0
2025-04-30 00:00:00+00:00,1796.9720456768928,216596941729.71945,13994558644.11867,127394.08298487401,35165.105389723,4012.084982253906,5.923566587846883e-05,1143.0666666666666,84.13333333333334,-0.0016263496263845267,0
2025-05-01 00:00:00+00:00,1794.0495408617828,216623334477.08453,13644627083.285889,127778.081310234,35413.372477492005,4024.0849299214065,5.941283682418292e-05,1116.1666666666667,82.35,0.0249741084124524,1
2025-05-02 00:00:00+00:00,1838.8543285925753,221969602979.55032,14310565589.052694,127778.081310234,35413.372477492005,4024.0849299214065,5.941283682418292e-05,1116.1666666666667,82.35,0.0013993834119270243,1
2025-05-03 00:00:00+00:00,1841.427590836958,222269022299.2824,11686301446.49476,127778.081310234,34923.709866715006,4024.0650409448126,6.0419535434409774e-05,1120.8135593220338,80.50847457627118,-0.003761037900705144,0
2025-05-04 00:00:00+00:00,1834.501911876416,221494950784.02625,6704990478.824657,127778.081310234,34923.709866715006,4024.0650409448126,6.0419535434409774e-05,1120.8135593220338,80.50847457627118,-0.01436129221875393,0
2025-05-05 00:00:00+00:00,1808.156093844096,218216268630.8664,7479845748.828526,127778.081310234,34923.709866715006,4024.0650409448126,6.0419535434409774e-05,1120.8135593220338,80.50847457627118,0.006552734072905464,1
2025-05-06 00:00:00+00:00,1820.0044598893596,219769896301.20087,10545233503.347864,127778.081310234,34923.709866715006,4024.0650409448126,6.0419535434409774e-05,1120.8135593220338,80.50847457627118,-0.0021075583011201937,0
2025-05-07 00:00:00+00:00,1816.168694381844,219305875804.5597,11950393736.527246,128762.081310234,35153.194321755,4054.8150409448126,5.9866545705485905e-05,1105.2333333333333,80.7,-0.00322203959989964,0
2025-05-08 00:00:00+00:00,1810.3169269284476,218569578701.42172,47111217119.49919,128762.081310234,35153.194321755,4054.8150409448126,5.9866545705485905e-05,1105.2333333333333,80.7,0.21390965119707817,1
2025-05-09 00:00:00+00:00,2197.5611893238784,264994998215.9445,35992825075.05399,128762.081310234,35153.194321755,4054.8150409448126,5.9866545705485905e-05,1105.2333333333333,80.7,0.06545746001411668,1
2025-05-10 00:00:00+00:00,2341.407963002621,282636716534.08844,44566779461.54657,128760.378023799,35135.708647695006,4054.7618132437187,6.0880433730725706e-05,1097.457627118644,78.94915254237289,0.10347404039304497,1
2025-05-11 00:00:00+00:00,2583.6829051429513,312095621694.1442,29947910159.02891,126776.378023799,34748.941884502005,3992.7618132437187,6.0983144093430054e-05,1106.844827586207,77.15517241379311,-0.029498044915458488,0
2025-05-12 00:00:00+00:00,2507.4693107597423,302727255563.5134,26138286410.23315,126392.378023799,34703.089465789,3980.7618132437187,6.18665272687176e-05,1110.5087719298247,75.3157894736842,-0.00599924378648109,0
2025-05-13 00:00:00+00:00,2492.426391077375,300976824863.0343,31524626114.978752,126392.378023799,34703.089465789,3980.7618132437187,6.18665272687176e-05,1110.5087719298247,75.3157894736842,0.0739090120013175,1
2025-05-14 00:00:00+00:00,2676.639163127913,322977150438.36176,32279895881.63781,126392.378023799,34703.089465789,3980.7618132437187,6.18665272687176e-05,1110.5087719298247,75.3157894736842,-0.027243520685371725,0
2025-05-15 00:00:00+00:00,2603.7180887199615,314022060127.0501,28150234190.931705,127864.378023799,34959.591343689004,4026.7618132437187,6.150244050933431e-05,1094.4310344827586,76.96551724137932,-0.023589879610722564,0
2025-05-16 00:00:00+00:00,2542.296692466797,306933361055.9317,26211434557.7159,127864.378023799,34959.591343689004,4026.7618132437187,6.150244050933431e-05,1094.4310344827586,76.96551724137932,0.0008222271078601739,1
2025-05-17 00:00:00+00:00,2544.3870377235667,307619694635.7725,21130441534.96637,127864.378023799,34959.591343689004,4026.7618132437187,6.150244050933431e-05,1094.4310344827586,76.96551724137932,-0.027249252305540095,0
2025-05-18 00:00:00+00:00,2475.0543933696913,298789831687.0011,17185510890.702347,127864.378023799,34959.591343689004,4026.7618132437187,6.150244050933431e-05,1094.4310344827586,76.96551724137932,-0.003924522944547593,0
2025-05-19 00:00:00+00:00,2465.3409856139087,296863390804.2497,24797434472.364086,127864.378023799,34959.591343689004,4026.7618132437187,6.150244050933431e-05,1094.4310344827586,76.96551724137932,0.02500613855736411,1
2025-05-20 00:00:00+00:00,2526.989643891319,305077067863.0779,25363871274.82505,127864.378023799,34959.591343689004,4026.7618132437187,6.150244050933431e-05,1094.4310344827586,76.96551724137932,-0.0010745198672563738,0
2025-05-21 00:00:00+00:00,2524.2743433146065,304737250158.37354,22871462735.416794,127864.378023799,34959.591343689004,4026.7618132437187,6.150244050933431e-05,1094.4310344827586,76.96551724137932,0.013736974015593484,1
2025-05-22 00:00:00+00:00,2558.9502343769486,308934701949.7151,32697477527.54695,127864.378023799,34959.591343689004,4026.7618132437187,6.150244050933431e-05,1094.4310344827586,76.96551724137932,0.038381836840831296,1
2025-05-23 00:00:00+00:00,2657.1674447566115,320733890913.39886,29592612076.505535,126392.378023799,34703.089465789,3980.7618132437187,6.18665272687176e-05,1110.5087719298247,75.3157894736842,-0.05169175016896532,0
2025-05-24 00:00:00+00:00,2519.813809045145,304038733414.03973,30047329191.503662,126392.378023799,34703.089465789,3980.7618132437187,6.18665272687176e-05,1110.5087719298247,75.3157894736842,0.003821383607283124,1
2025-05-25 00:00:00+00:00,2529.4429842284353,305369227833.4215,10744994421.192684,110392.378023799,33910.594747765004,3480.7618132437187,5.506183497140362e-05,1123.857142857143,73.64285714285714,0.006790875388676065,1
2025-05-26 00:00:00+00:00,2546.6201163370915,307423642894.0653,13814697849.726278,110392.378023799,33910.594747765004,3480.7618132437187,5.506183497140362e-05,1123.857142857143,73.64285714285714,0.006107236883254874,1
2025-05-27 00:00:00+00:00,2562.172928639224,309319360637.78375,13350148034.293625,110392.378023799,33910.594747765004,3480.7618132437187,5.506183497140362e-05,1123.857142857143,73.64285714285714,0.038998588685420055,1
2025-05-28 00:00:00+00:00,2662.0940568241435,321357595434.52185,26434151855.253853,110392.378023799,33910.594747765004,3480.7618132437187,5.506183497140362e-05,1123.857142857143,73.64285714285714,0.005324137811819174,1
2025-05-29 00:00:00+00:00,2676.2674124507,323119009777.13904,18008588586.284103,110392.378023799,33910.594747765004,3480.7618132437187,5.506183497140362e-05,1123.857142857143,73.64285714285714,-0.01611505850326711,0
2025-05-30 00:00:00+00:00,2633.1392065286695,317891224562.8813,27021441335.5195,110392.349215993,33908.609261325,3480.7609129997813,5.606294474381411e-05,1123.2181818181818,72.0,-0.04126746183953178,0
2025-05-31 00:00:00+00:00,2524.4762348050726,304659964725.2192,22927149330.30469,110392.349215993,33908.609261325,3480.7609129997813,5.606294474381411e-05,1123.2181818181818,72.0,0.003124034362170569,1
2025-06-01 00:00:00+00:00,2532.3627853090866,305718505778.76434,13006751258.18768,110392.349215993,33908.609261325,3480.7609129997813,5.606294474381411e-05,1123.2181818181818,72.0,0.0023564053153362075,1
2025-06-02 00:00:00+00:00,2538.3300584367485,306561765778.2403,11338340571.11249,110392.349215993,33908.609261325,3480.7609129997813,5.606294474381411e-05,1123.2181818181818,72.0,0.02813156440603448,1
2025-06-03 00:00:00+00:00,2609.737253959435,314999579353.95825,15623967732.418655,110392.349215993,33908.609261325,3480.7609129997813,5.606294474381411e-05,1123.2181818181818,72.0,-0.005467330832438222,0
2025-06-04 00:00:00+00:00,2595.4689570062997,313315832347.0171,15955008730.33818,110392.349215993,33908.609261325,3480.7609129997813,5.606294474381411e-05,1123.2181818181818,72.0,0.005730845973636933,1
2025-06-05 00:00:00+00:00,2610.343189828259,315159803382.89014,16809606446.176416,110392.349215993,33908.609261325,3480.7609129997813,5.606294474381411e-05,1123.2181818181818,72.0,-0.07230546803203086,0
2025-06-06 00:00:00+00:00,2421.601103763502,292341916400.9464,25849573159.64817,110392.349215993,33908.609261325,3480.7609129997813,5.606294474381411e-05,1123.2181818181818,72.0,0.02469559491552209,1
2025-06-07 00:00:00+00:00,2481.4039836690267,299560106673.7574,18395107930.47655,110357.82549969,33891.410694482,3479.6820468653127,5.816049505802105e-05,1102.6415094339623,68.83018867924528,0.018089763906310452,1
2025-06-08 00:00:00+00:00,2526.291995889778,304953508465.0457,9535426814.691929,110357.82549969,33891.410694482,3479.6820468653127,5.816049505802105e-05,1102.6415094339623,68.83018867924528,-0.0069302647254069205,0
2025-06-09 00:00:00+00:00,2508.784123584585,302870081038.261,10206893115.537256,110357.82549969,33891.410694482,3479.6820468653127,5.816049505802105e-05,1102.6415094339623,68.83018867924528,0.070239627156502,1
2025-06-10 00:00:00+00:00,2685.0001850413178,324315565109.11993,19485734665.28548,110325.82549969,33883.266104402006,3478.6820468653127,5.9261930374678436e-05,1108.2115384615386,67.21153846153847,0.04599739842166928,1
2025-06-11 00:00:00+00:00,2808.503208314919,339012253954.4242,38281210143.95115,110325.82549969,33883.266104402006,3478.6820468653127,5.9261930374678436e-05,1108.2115384615386,67.21153846153847,-0.011524294021406867,0
2025-06-12 00:00:00+00:00,2776.1371915822333,334990282503.402,27369030837.548595,110241.728108683,33847.457825703,3476.054003396344,6.158584609193145e-05,1134.42,63.86,-0.044298323405073115,0
2025-06-13 00:00:00+00:00,2653.158968452672,320595535562.5316,26068993569.969894,110251.742487547,33860.038162225,3476.366952735844,6.038371634230938e-05,1115.0980392156862,64.15686274509804,-0.02868669078326269,0
2025-06-14 00:00:00+00:00,2577.04861752583,311111352117.7261,38576471746.00814,110251.742487547,33860.038162225,3476.366952735844,6.038371634230938e-05,1115.0980392156862,64.15686274509804,-0.016677371818906828,0
2025-06-15 00:00:00+00:00,2534.070219535952,306048481935.1591,12077031034.29152,195243.74248754702,46476.73744292299,6132.366952735844,0.00010446942218030728,1096.4807692307693,63.86538461538461,0.005436070575271623,1
2025-06-16 00:00:00+00:00,2547.8456040920437,307537228689.2678,11678912429.510712,195243.74248754702,46476.73744292299,6132.366952735844,0.00010446942218030728,1096.4807692307693,63.86538461538461,0.005292408400150883,1
2025-06-17 00:00:00+00:00,2561.329843569428,309982828015.90594,24222149649.172424,195243.739334831,46473.034554157995,6132.366854213469,0.00010651784051174677,1087.7254901960785,62.254901960784316,-0.018093391255183944,0
2025-06-18 00:00:00+00:00,2514.986700576147,303697873489.69434,25926506708.040215,195243.739334831,45609.869583739994,6101.366854213469,0.00011030506632147244,1104.3673469387754,58.87755102040816,0.0025235611857870044,1
2025-06-19 00:00:00+00:00,2521.3334233964915,304290652058.44,17800721253.243202,195243.739334831,45609.869583739994,6101.366854213469,0.00011030506632147244,1104.3673469387754,58.87755102040816,0.00033544431683596443,1
2025-06-20 00:00:00+00:00,2522.1791903642184,304481216643.1207,10392473841.155851,195371.739334831,45648.663187889,6105.366854213469,0.00010816983368238991,1085.12,57.76,-0.04618377496573289,0
2025-06-21 00:00:00+00:00,2405.695434213183,290401843920.2328,20482816663.29469,195371.739334831,45648.663187889,6105.366854213469,0.00010816983368238991,1085.12,57.76,-0.05616398328568506,0
2025-06-22 00:00:00+00:00,2270.581996055585,273839538572.25955,16155611764.84833,195371.739334831,45648.663187889,6105.366854213469,0.00010816983368238991,1085.12,57.76,-0.019005378133615802,0
2025-06-23 00:00:00+00:00,2227.4287266371684,268777741291.43988,28181442532.315876,195371.739334831,45648.663187889,6105.366854213469,0.00010816983368238991,1085.12,57.76,0.08820525446309513,1
2025-06-24 00:00:00+00:00,2423.899644268608,292612668627.3885,25494295400.420887,195371.739334831,45648.663187889,6105.366854213469,0.00010816983368238991,1085.12,57.76,0.009340179297428142,1
2025-06-25 00:00:00+00:00,2446.539301545049,295402538889.65454,19669025068.963604,195371.739334831,45648.663187889,6105.366854213469,0.00010816983368238991,1085.12,57.76,-0.011981216078894796,0
2025-06-26 00:00:00+00:00,2417.2267855277296,291827501114.87933,15513055665.262428,195371.739334831,45648.663187889,6105.366854213469,0.00010816983368238991,1085.12,57.76,-0.0009080325703308967,0
2025-06-27 00:00:00+00:00,2415.031864876594,291547094716.2168,16271811388.723804,195371.739334831,45648.663187889,6105.366854213469,0.00010816983368238991,1085.12,57.76,0.0033119334419171587,1
2025-06-28 00:00:00+00:00,2423.0302896731746,292419308271.8665,13100825617.816572,195371.739334831,45648.663187889,6105.366854213469,0.00010816983368238991,1085.12,57.76,0.005820278915691368,1
2025-06-29 00:00:00+00:00,2437.133001780241,294208600645.2538,5787313890.541637,195371.739334831,45648.663187889,6105.366854213469,0.00010816983368238991,1085.12,57.76,0.026889903131916304,1
2025-06-30 00:00:00+00:00,2502.6672721177083,302158279316.21674,10236257918.833096,195371.739334831,45648.663187889,6105.366854213469,0.00010816983368238991,1085.12,57.76,-0.005784424717256043,0
2025-07-01 00:00:00+00:00,2488.190781689803,300388851494.49866,16306915984.938057,195371.739334831,45648.663187889,6105.366854213469,0.00010816983368238991,1085.12,57.76,-0.033392223386246256,0
2025-07-02 00:00:00+00:00,2405.1045592800183,290294455719.4809,12933967031.524445,195473.739334831,45669.81425470099,6108.554354213469,0.00010610422271335245,1066.3921568627452,57.78431372549019,0.0702518975997013,1
2025-07-03 00:00:00+00:00,2574.067718495133,310930535640.4307,21862573614.17975,195473.739334831,45669.81425470099,6108.554354213469,0.00010610422271335245,1066.3921568627452,57.78431372549019,0.00624090538864297,1
2025-07-04 00:00:00+00:00,2590.132231590221,312621047413.045,19823369642.62606,195473.739334831,45669.81425470099,6108.554354213469,0.00010610422271335245,1066.3921568627452,57.78431372549019,-0.031232338187302755,0
2025-07-05 00:00:00+00:00,2509.236345783362,302827514359.61035,16377116416.187033,195473.739334831,45669.81425470099,6108.554354213469,0.00010610422271335245,1066.3921568627452,57.78431372549019,0.003245143719112553,1
2025-07-06 00:00:00+00:00,2517.37917835065,304028836772.5733,6801276942.284494,195473.739334831,45669.81425470099,6108.554354213469,0.00010610422271335245,1066.3921568627452,57.78431372549019,0.021442543987632456,1
2025-07-07 00:00:00+00:00,2571.358192115984,310345645222.7514,9051659015.949968,195473.739334831,45669.81425470099,6108.554354213469,0.00010610422271335245,1066.3921568627452,57.78431372549019,-0.01078281874312459,0
2025-07-08 00:00:00+00:00,2543.6317028067488,307013209348.5054,15947822897.049152,195473.739334831,45669.81425470099,6108.554354213469,0.00010610422271335245,1066.3921568627452,57.78431372549019,0.0283627091171057,1
2025-07-09 00:00:00+00:00,2615.7759888945047,315738597830.34283,14750377128.581297,442257.739334831,67374.81092806708,13820.55435421347,0.0002354434003581803,1048.25,56.82692307692308,0.05994533722770434,1
2025-07-10 00:00:00+00:00,2772.5795626609174,335050165487.70404,26626246774.244656,442257.739334831,67374.81092806708,13820.55435421347,0.0002354434003581803,1048.25,56.82692307692308,0.06343069191248163,1
2025-07-11 00:00:00+00:00,2948.4462027029053,355346738000.49475,39308824585.23128,452209.739334831,67607.33751137707,14131.55435421347,0.00023619922340918065,1030.754716981132,56.735849056603776,0.0035290596066006596,1
2025-07-12 00:00:00+00:00,2958.8514450990992,357144054434.9151,42455550664.554665,452209.739334831,67607.33751137707,14131.55435421347,0.00023619922340918065,1030.754716981132,56.735849056603776,-0.005370272842392554,0
2025-07-13 00:00:00+00:00,2942.9616055388096,355216449018.5163,17472135946.60354,452209.739334831,67607.33751137707,14131.55435421347,0.00023619922340918065,1030.754716981132,56.735849056603776,0.010636866493811459,1
2025-07-14 00:00:00+00:00,2974.2654952333387,359110100026.3572,18605172049.087772,452209.739334831,67607.33751137707,14131.55435421347,0.00023619922340918065,1030.754716981132,56.735849056603776,0.012747420071729243,1
2025-07-15 00:00:00+00:00,3012.1797069059276,363606274489.50854,41336421998.04408,452209.739334831,67607.33751137707,14131.55435421347,0.00023619922340918065,1030.754716981132,56.735849056603776,0.04013377773043314,1
2025-07-16 00:00:00+00:00,3133.069857747011,378233206915.81635,43416230283.76601,452209.739334831,67607.33751137707,14131.55435421347,0.00023619922340918065,1030.754716981132,56.735849056603776,0.07502439283244255,1
2025-07-17 00:00:00+00:00,3368.126521526108,406599729410.5382,54882159731.0286,2550099.557113397,150052.1193787173,79690.61115979365,0.0012835384106294223,997.4545454545455,55.61818181818182,0.03377435288854613,1
2025-07-18 00:00:00+00:00,3481.8828152374017,420347293649.25085,45678965280.66659,2550099.557113397,150052.1193787173,79690.61115979365,0.0012835384106294223,997.4545454545455,55.61818181818182,0.01879278173218646,1
2025-07-19 00:00:00+00:00,3547.317079001209,427841866746.5711,72535524453.98022,2549555.2524336027,149447.4994337103,79673.60163855008,0.001307028602853363,1004.4814814814815,54.53703703703704,0.013249850812038222,1
2025-07-20 00:00:00+00:00,3594.3185010809702,433877664505.94135,27017909119.38483,2549555.2524336027,149447.4994337103,79673.60163855008,0.001307028602853363,1004.4814814814815,54.53703703703704,0.04570743541051758,1
2025-07-21 00:00:00+00:00,3758.605581813957,453825859015.21515,55175056732.09093,2549555.2524336027,149447.4994337103,79673.60163855008,0.001307028602853363,1004.4814814814815,54.53703703703704,0.0018219635076239804,1
2025-07-22 00:00:00+00:00,3765.453624023574,454513156113.6638,47245582310.60992,2549555.2524336027,149447.4994337103,79673.60163855008,0.001307028602853363,1004.4814814814815,54.53703703703704,-0.004916527234283152,0
2025-07-23 00:00:00+00:00,3746.940668731632,452355960897.7736,52357062545.19388,2549555.2524336027,149447.4994337103,79673.60163855008,0.001307028602853363,1004.4814814814815,54.53703703703704,-0.031195353111977187,0
2025-07-24 00:00:00+00:00,3630.053531480921,438111570682.8548,47655045407.89862,2549491.241618597,149216.00113580728,79671.60130058115,0.0013838778928922594,960.5882352941177,51.333333333333336,0.021590977399566613,1
2025-07-25 00:00:00+00:00,3708.4299352383423,447620332487.87305,47332291813.01175,2549491.241618597,149216.00113580728,79671.60130058115,0.0013838778928922594,960.5882352941177,51.333333333333336,0.003943171179066063,1
2025-07-26 00:00:00+00:00,3723.05290927856,449379722345.43585,48622472830.12327,2549491.241618597,149216.00113580728,79671.60130058115,0.0013838778928922594,960.5882352941177,51.333333333333336,0.00520500703579474,1
2025-07-27 00:00:00+00:00,3742.431425865991,451746443518.379,25352434514.72998,2549491.241618597,149216.00113580728,79671.60130058115,0.0013838778928922594,960.5882352941177,51.333333333333336,0.03251720546123993,1
2025-07-28 00:00:00+00:00,3864.124837465477,466077664312.2753,26045280361.31318,2549491.241618597,149216.00113580728,79671.60130058115,0.0013838778928922594,960.5882352941177,51.333333333333336,-0.02013935748529394,0
2025-07-29 00:00:00+00:00,3786.303845995956,457680388920.6686,38743589826.42135,2549491.241618597,149216.00113580728,79671.60130058115,0.0013838778928922594,960.5882352941177,51.333333333333336,0.0006060067293047755,1
2025-07-30 00:00:00+00:00,3788.598371605822,457213828532.1186,34923369443.87463,2549491.241618597,149216.00113580728,79671.60130058115,0.0013838778928922594,960.5882352941177,51.333333333333336,0.004967068987209888,1
2025-07-31 00:00:00+00:00,3807.416601082419,459449027043.4022,28710848449.745983,2549491.241618597,149216.00113580728,79671.60130058115,0.0013838778928922594,960.5882352941177,51.333333333333336,-0.02908894917509508,0
2025-08-01 00:00:00+00:00,3696.6628530851194,446264222707.4442,31312115686.896267,2549491.241618597,149216.00113580728,79671.60130058115,0.0013838778928922594,960.5882352941177,51.333333333333336,-0.05775043773575461,0
2025-08-02 00:00:00+00:00,3483.1789551579504,420327732498.1448,42431734230.15089,2549491.241618597,149216.00113580728,79671.60130058115,0.0013838778928922594,960.5882352941177,51.333333333333336,-0.02460206835389167,0
2025-08-03 00:00:00+00:00,3397.4855484143177,410229849339.571,28164675444.895985,2549010.600409998,149103.85065672628,79656.58126281244,0.0014400911613877162,961.9183673469388,49.38775510204081,0.02945930982835221,1
2025-08-04 00:00:00+00:00,3497.573127822404,422223994717.4719,18338718249.174084,2549010.237837631,149100.57670060228,79656.56993242596,0.0014700928514766228,956.8958333333334,48.375,0.06236778447817004,1
2025-08-05 00:00:00+00:00,3715.7090148550706,448517239894.4303,28536476594.95387,2549010.237837631,149100.57670060228,79656.56993242596,0.0014700928514766228,956.8958333333334,48.375,-0.02779189172390817,0
2025-08-06 00:00:00+00:00,3612.442432236669,436373875222.1905,29411744198.367584,2549010.237837631,149100.57670060228,79656.56993242596,0.0014700928514766228,956.8958333333334,48.375,0.019821350424031436,1
2025-08-07 00:00:00+00:00,3684.0459195726726,444737780081.9074,23256150904.877857,2549010.237837631,149100.57670060228,79656.56993242596,0.0014700928514766228,956.8958333333334,48.375,0.061675405697104946,1
2025-08-08 00:00:00+00:00,3911.2609462690816,471838906504.6792,31981627910.70641,2549010.237837631,149100.57670060228,79656.56993242596,0.0014700928514766228,956.8958333333334,48.375,0.026005941598016946,1
2025-08-09 00:00:00+00:00,4012.97697001236,484483868122.1773,37861934037.3479,2549010.237837631,149100.57670060228,79656.56993242596,0.0014700928514766228,956.8958333333334,48.375,0.06294237176257167,1
2025-08-10 00:00:00+00:00,4265.563258333516,514414914903.2612,37686735734.66866,2548026.237837631,148871.0922455623,79625.81993242596,0.0015007918450889134,973.2978723404256,47.4468085106383,-0.0028065787933029274,0
2025-08-11 00:00:00+00:00,4253.591618951185,513073639261.6181,26481154882.304214,2548026.237837631,148871.0922455623,79625.81993242596,0.0015007918450889134,973.2978723404256,47.4468085106383,-0.005822704177729565,0
2025-08-12 00:00:00+00:00,4228.824213261163,510225780028.6237,43010572110.88258,2543930.237837631,147871.12981408928,79497.81993242596,0.0015309527569439985,955.0,46.52173913043478,0.08938305197530694,1
2025-08-13 00:00:00+00:00,4606.809427709522,556502855391.5187,52840297700.59488,2543930.237837631,147871.12981408928,79497.81993242596,0.0015309527569439985,955.0,46.52173913043478,0.03404592919977101,1
2025-08-14 00:00:00+00:00,4763.652535322159,575091067506.1215,58870844448.59354,2543930.237837631,147871.12981408928,79497.81993242596,0.0015309527569439985,955.0,46.52173913043478,-0.04394968613498573,0
2025-08-15 00:00:00+00:00,4554.291501538621,551514703070.4648,66924319529.18441,2543929.1696009957,147856.3463517163,79497.78655003112,0.0015649732721631695,958.0666666666667,45.62222222222222,-0.027174157929717335,0
2025-08-16 00:00:00+00:00,4430.532465017841,534578587192.13434,50038927770.639565,2543385.1696009957,147547.30381716127,79480.78655003112,0.0016374125035181722,959.7441860465116,43.74418604651163,-0.0008363671264720596,0
2025-08-17 00:00:00+00:00,4426.826913311333,534150282399.6513,21104759591.061535,2543385.1696009957,147547.30381716127,79480.78655003112,0.0016374125035181722,959.7441860465116,43.74418604651163,0.013619484481446564,1
2025-08-18 00:00:00+00:00,4487.118013759226,541923097741.9142,28100356151.382523,2543385.1696009957,147547.30381716127,79480.78655003112,0.0016374125035181722,959.7441860465116,43.74418604651163,-0.03785107855647951,0
2025-08-19 00:00:00+00:00,4317.2757573282315,520793172158.0575,43935703176.22011,2511796.549282794,144052.31607801828,78493.64216508731,0.0016555777932498953,973.5,42.80952380952381,-0.05623452956777586,0
2025-08-20 00:00:00+00:00,4074.495786100515,491872355111.4685,41626342123.38552,2511796.549282794,144052.31607801828,78493.64216508731,0.0016555777932498953,973.5,42.80952380952381,0.06282883235291381,1
2025-08-21 00:00:00+00:00,4330.491598768078,523004794309.38104,39857177022.84433,2511796.549282794,144052.31607801828,78493.64216508731,0.0016555777932498953,973.5,42.80952380952381,-0.024489830719807704,0
2025-08-22 00:00:00+00:00,4224.438592580698,509951239220.54224,21703206731.83165,2511796.5297872857,144046.0069788773,78493.64155585268,0.001695957726263412,952.7317073170732,41.90243902439025,0.14316386330714104,1
2025-08-23 00:00:00+00:00,4829.225541798332,582817007170.4178,61856673933.04883,2511722.315459477,143961.7406111023,78491.32235810865,0.0018297950604092674,973.2105263157895,38.973684210526315,-0.011459695290799488,0
2025-08-24 00:00:00+00:00,4773.884088598777,576242312916.0488,27814037595.094646,2511722.315459477,143961.7406111023,78491.32235810865,0.0018297950604092674,973.2105263157895,38.973684210526315,0.0008850386889625028,1
2025-08-25 00:00:00+00:00,4778.10916071381,577227233251.8729,41157770217.98017,2511722.315459477,143961.7406111023,78491.32235810865,0.0018297950604092674,973.2105263157895,38.973684210526315,-0.08297905537660588,0
2025-08-26 00:00:00+00:00,4381.626176071471,529509245849.7141,48217069690.885376,2511722.315459477,143961.7406111023,78491.32235810865,0.0018297950604092674,973.2105263157895,38.973684210526315,0.05037935697663998,1
2025-08-27 00:00:00+00:00,4602.369685333965,555061696726.733,35263906282.176544,2511722.315459477,143961.7406111023,78491.32235810865,0.0018297950604092674,973.2105263157895,38.973684210526315,-0.022211283387660985,0
2025-08-28 00:00:00+00:00,4500.1451479982325,543608856125.4653,35898825608.295586,2511722.315459477,143961.7406111023,78491.32235810865,0.0018297950604092674,973.2105263157895,38.973684210526315,0.0016477875247613571,1
2025-08-29 00:00:00+00:00,4507.560431032719,543249516158.12427,29189873860.227936,2511722.315459477,143961.7406111023,78491.32235810865,0.0018297950604092674,973.2105263157895,38.973684210526315,-0.03176927115971784,0
2025-08-30 00:00:00+00:00,4364.358521430426,526830870964.3115,38006835596.328514,2511722.315459477,143961.7406111023,78491.32235810865,0.0018297950604092674,973.2105263157895,38.973684210526315,0.002062579448110613,1
2025-08-31 00:00:00+00:00,4373.360357620914,527539496668.2519,19199178188.100258,2511722.315459477,143961.7406111023,78491.32235810865,0.0018297950604092674,973.2105263157895,38.973684210526315,0.0035604445152379594,1
2025-09-01 00:00:00+00:00,4388.931464519364,529740073153.04834,22269795530.723904,2511626.095281303,143856.2560664983,78488.31547754072,0.0019313763506824007,953.3333333333334,37.25,-0.019533055475317584,0
2025-09-02 00:00:00+00:00,4303.202222745541,519534784996.7176,31725195638.84437,2509674.095281303,143701.27616958128,78427.31547754072,0.0020433973897195407,973.0882352941177,35.38235294117647,0.005264471039882146,1
2025-09-03 00:00:00+00:00,4325.856306225941,521450862214.85895,32990260980.341236,2509674.095281303,143701.27616958128,78427.31547754072,0.0020433973897195407,973.0882352941177,35.38235294117647,0.028667339533193337,1
2025-09-04 00:00:00+00:00,4449.8670977283255,537549763927.1384,30818352470.84173,2529069.44813406,151446.55934198928,79033.42025418938,0.002059189246306229,968.0294117647059,33.55882352941177,-0.034107184293483916,0
2025-09-05 00:00:00+00:00,4298.094660544595,519319443328.1493,29893273380.076378,2529069.447819163,151440.8210933683,79033.42024434885,0.00212158892017256,978.8484848484849,32.57575757575758,0.0019820067328790714,1
2025-09-06 00:00:00+00:00,4306.613513100346,519830732357.0378,37950930494.82325,2529069.447819163,151440.8210933683,79033.42024434885,0.00212158892017256,978.8484848484849,32.57575757575758,-0.007779543913237208,0
2025-09-07 00:00:00+00:00,4273.110024157841,515852185188.91895,14497961323.191992,2526755.447819163,150125.2731641403,78961.10774434885,0.0021196477489779475,969.1515151515151,30.90909090909091,0.0072365084782224365,1
2025-09-08 00:00:00+00:00,4304.032421076036,519663340480.02106,14920604279.616674,2526755.447819163,150125.2731641403,78961.10774434885,0.0021196477489779475,969.1515151515151,30.90909090909091,0.0013134849236462465,1
2025-09-09 00:00:00+00:00,4309.685702772004,519912892077.1541,26393884729.75394,2526755.447819163,150125.2731641403,78961.10774434885,0.0021196477489779475,969.1515151515151,30.90909090909091,-7.957811210479449e-05,0
2025-09-10 00:00:00+00:00,4309.342746120013,520461727067.3641,28408982228.170376,2520515.425294843,145321.48125885328,78766.10704046384,0.0023258544222440523,895.9666666666667,27.9,0.008849158629811615,1
2025-09-11 00:00:00+00:00,4347.476803670656,524803924739.0028,34848418445.62599,2520163.418096485,145271.4570937573,78755.10681551516,0.0024916388579835223,883.3928571428571,25.607142857142858,0.02572577551966071,1
2025-09-12 00:00:00+00:00,4459.31901599882,538261336997.6129,33593064568.960487,2520061.418096485,145250.3060269453,78751.91931551516,0.002583817198121376,911.2962962962963,24.37037037037037,0.055955343687221326,1
2025-09-13 00:00:00+00:00,4708.841744149995,567724477218.3574,39138140052.58744,2520061.418096485,145250.3060269453,78751.91931551516,0.002583817198121376,911.2962962962963,24.37037037037037,-0.008737199879522262,0
2025-09-14 00:00:00+00:00,4667.699652630318,563397805739.7904,30452117451.68358,2520061.418096485,145250.3060269453,78751.91931551516,0.002583817198121376,911.2962962962963,24.37037037037037,-0.012407298238844122,0
2025-09-15 00:00:00+00:00,4609.786110950785,556354045428.2224,23827529566.903904,2520061.418096485,145250.3060269453,78751.91931551516,0.002583817198121376,911.2962962962963,24.37037037037037,-0.018556429688801113,0
2025-09-16 00:00:00+00:00,4524.244939102515,545926863107.31946,33863743706.690956,2520061.418096485,145250.3060269453,78751.91931551516,0.002583817198121376,911.2962962962963,24.37037037037037,-0.004415831558329586,0
2025-09-17 00:00:00+00:00,4504.266635522813,543407922913.0083,28053763147.05997,2520061.418096485,145250.3060269453,78751.91931551516,0.002583817198121376,911.2962962962963,24.37037037037037,0.019426505109273684,1
2025-09-18 00:00:00+00:00,4591.768794331328,554600592896.1794,41727122821.76891,2520061.418096485,145250.3060269453,78751.91931551516,0.002583817198121376,911.2962962962963,24.37037037037037,-0.000246540531223971,0
2025-09-19 00:00:00+00:00,4590.6367372135155,554210013387.6136,29381752919.13096,2509789.398289685,144799.4472513593,78430.91869655266,0.0031581228724083792,799.2272727272727,18.09090909090909,-0.02617442199904141,0
2025-09-20 00:00:00+00:00,4470.479474009387,539242810184.06946,28156319659.26727,2509725.398289685,144761.3766411563,78428.91869655266,0.0033084253083714606,776.952380952381,16.523809523809526,0.0025321664990600734,1
2025-09-21 00:00:00+00:00,4481.799472368209,540941822331.2741,14314030981.454111,2509724.636966975,144739.44601149828,78428.89490521797,0.003473845520002121,734.15,14.85,-0.006454626577710898,0
2025-09-22 00:00:00+00:00,4452.87113037789,537406899904.3973,15910684640.581882,2424732.636966975,132122.74673080028,75772.89490521797,0.0035328457884275903,765.0526315789474,13.052631578947368,-0.05679916372041682,0
2025-09-23 00:00:00+00:00,4199.951774017639,507148578276.2705,52988093949.58233,2424732.636966975,132122.74673080028,75772.89490521797,0.0035328457884275903,765.0526315789474,13.052631578947368,-0.008038479000870402,0
2025-09-24 00:00:00+00:00,4166.1905498775295,503209949445.43353,29902684711.810097,2440035.636966975,133429.3793402683,76251.11365521797,0.003377385208429451,729.1,14.6,-0.004208574247208885,0
2025-09-25 00:00:00+00:00,4148.65682762035,500734284408.361,29988924904.58222,2440035.636966975,133429.3793402683,76251.11365521797,0.003377385208429451,729.1,14.6,-0.06884000096808196,0
2025-09-26 00:00:00+00:00,3863.063287590725,466825639887.3833,63461265827.195854,2440035.636966975,133429.3793402683,76251.11365521797,0.003377385208429451,729.1,14.6,0.04505094027178269,1
2025-09-27 00:00:00+00:00,4037.097921026091,486889364203.2699,43443403793.85234,326851.319188409,49693.851189436085,10214.103724637782,0.00050268064124339,801.1666666666666,11.333333333333334,-0.0046891277572845835,0
2025-09-28 00:00:00+00:00,4018.167453105732,485207355886.1105,17011629273.367077,326851.319188409,49693.851189436085,10214.103724637782,0.00050268064124339,801.1666666666666,11.333333333333334,0.03077826208690726,1
2025-09-29 00:00:00+00:00,4141.839664086501,499628731251.1227,21656522951.624653,323651.319188409,48952.40767852008,10114.103724637782,0.0005599791051998346,781.375,7.5,0.017811680648202932,1
2025-09-30 00:00:00+00:00,4215.61278947927,508909498092.11896,34604598514.675,323651.319188409,48952.40767852008,10114.103724637782,0.0005599791051998346,781.375,7.5,-0.016932846936472568,0
2025-10-01 00:00:00+00:00,4144.230463371581,500218841768.296,34013325290.49775,323651.319188409,48952.40767852008,10114.103724637782,0.0005599791051998346,781.375,7.5,0.04819266733212091,1
2025-10-02 00:00:00+00:00,4343.951983440489,524308225825.147,42741046618.56157,323651.319188409,48952.40767852008,10114.103724637782,0.0005599791051998346,781.375,7.5,0.03224120869726166,1
2025-10-03 00:00:00+00:00,4484.006245909478,540553843152.3364,41104321433.11955,768827.171479862,118308.24206252827,24025.849108745686,0.0012519708740678503,737.5882352941177,7.117647058823529,0.007081351030501226,1
2025-10-04 00:00:00+00:00,4515.759068159723,545075315730.44794,45970576945.09693,789403.171479862,120811.77256124926,24668.849108745686,0.0012140617740946864,698.6111111111111,7.166666666666667,-0.006212115408068097,0
2025-10-05 00:00:00+00:00,4487.706651673285,541611848322.7991,20597928707.86516,789403.171479862,120811.77256124926,24668.849108745686,0.0012140617740946864,698.6111111111111,7.166666666666667,0.006153419203929866,1
2025-10-06 00:00:00+00:00,4515.321391965295,545075062109.9613,40355486904.311195,789403.171479862,120811.77256124926,24668.849108745686,0.0012140617740946864,698.6111111111111,7.166666666666667,0.03849345986546693,1
2025-10-07 00:00:00+00:00,4689.131734746596,566339901682.9528,41164885082.65789,789403.171479862,120811.77256124926,24668.849108745686,0.0012140617740946864,698.6111111111111,7.166666666666667,-0.05007393376049496,0
2025-10-08 00:00:00+00:00,4454.32846286666,537522914209.85065,49804861778.9329,840378.40609167,119040.40629262028,26261.82519036469,0.0012924590823442696,670.8888888888889,5.555555555555555,0.016444575718186805,1
2025-10-09 00:00:00+00:00,4527.578004547945,546454608029.64813,36623453162.8216,840378.40609167,119040.40629262028,26261.82519036469,0.0012924590823442696,670.8888888888889,5.555555555555555,-0.035102336172447846,0
2025-10-10 00:00:00+00:00,4368.649439385323,527213250874.5829,42731695438.879875,840378.40609167,119040.40629262028,26261.82519036469,0.0012924590823442696,670.8888888888889,5.555555555555555,-0.12200946876849528,0
2025-10-11 00:00:00+00:00,3835.632842050135,463578765352.8637,90784076986.425,840378.40609167,119040.40629262028,26261.82519036469,0.0012924590823442696,670.8888888888889,5.555555555555555,-0.02252943898796045,0
2025-10-12 00:00:00+00:00,3749.218185954949,453043143808.8669,54140013164.198265,9316087.328296123,1045805.280410863,291127.72900925385,0.013573578950776082,637.0526315789474,5.315789473684211,0.10949245988798384,1
2025-10-13 00:00:00+00:00,4159.729307791921,501175375996.802,57642806541.61372,9663994.107713904,1101454.514479663,301999.8158660595,0.013376456580902068,606.55,5.1,0.02079177450341385,1
2025-10-14 00:00:00+00:00,4246.217461554773,512317800004.7445,46426992105.166855,9863546.60783693,1112384.457358645,308235.83149490407,0.01241151634734914,553.7727272727273,5.181818181818182,-0.027631419159080517,0
2025-10-15 00:00:00+00:00,4128.888447033946,498801738230.5064,62876294833.97642,14792798.358045196,1912701.0624552,462274.9486889124,0.014121042589204455,426.13793103448273,4.689655172413793,-0.0352961852115945,0
2025-10-16 00:00:00+00:00,3983.1544356894233,480502921991.1765,44806571765.16941,18350154.375059888,2120983.212101883,573442.3242206215,0.014940847348047862,367.0,4.264705882352941,-0.02333706511817646,0
2025-10-17 00:00:00+00:00,3890.1993012479857,469582926617.4159,44673230678.7307,18350154.375059888,2120983.212101883,573442.3242206215,0.014940847348047862,367.0,4.264705882352941,-0.015154782787966115,0
2025-10-18 00:00:00+00:00,3831.244175835675,462727285553.6246,52519500424.67195,18350154.375059888,2120983.212101883,573442.3242206215,0.014940847348047862,367.0,4.264705882352941,0.01520520533148595,1
2025-10-19 00:00:00+00:00,3889.499030204316,469204461222.8663,19845543405.385517,18350154.375059888,2120983.212101883,573442.3242206215,0.014940847348047862,367.0,4.264705882352941,0.0245732248441628,1
2025-10-20 00:00:00+00:00,3985.07656440468,480734836101.83966,29233928200.2202,18350154.375059888,2120983.212101883,573442.3242206215,0.014940847348047862,367.0,4.264705882352941,-0.0015774877015902744,0
2025-10-21 00:00:00+00:00,3978.790155134436,480395580826.9953,35767064768.00727,18350154.375059888,2120983.212101883,573442.3242206215,0.014940847348047862,367.0,4.264705882352941,-0.025460743901936533,0
2025-10-22 00:00:00+00:00,3877.487197955012,467810730089.432,46069514674.15889,18350154.375059888,2120983.212101883,573442.3242206215,0.014940847348047862,367.0,4.264705882352941,-0.01952202518080348,0
2025-10-23 00:00:00+00:00,3801.790795238291,458856134706.02246,41712359613.706055,18350154.375059888,2120983.212101883,573442.3242206215,0.014940847348047862,367.0,4.264705882352941,0.014217331755742135,1
2025-10-24 00:00:00+00:00,3855.842116240121,465361564940.0126,32116755772.61905,18350154.375059888,2120983.212101883,573442.3242206215,0.014940847348047862,367.0,4.264705882352941,0.020070882398151246,1
2025-10-25 00:00:00+00:00,3933.232269901015,474759372126.45776,30026152396.570248,18350154.375059888,2120983.212101883,573442.3242206215,0.014940847348047862,367.0,4.264705882352941,0.004825875191715179,1
2025-10-26 00:00:00+00:00,3952.213557935584,477319399731.4925,12389144280.82482,18350154.375059888,2120983.212101883,573442.3242206215,0.014940847348047862,367.0,4.264705882352941,0.05297723294665091,1
2025-10-27 00:00:00+00:00,4161.590896249249,502918445052.51886,25813518444.008472,18350154.375059888,2120983.212101883,573442.3242206215,0.014940847348047862,367.0,4.264705882352941,-0.00922355813786635,0
2025-10-28 00:00:00+00:00,4123.206220671679,497221249584.5864,36948961061.03095,18350154.375059888,2120983.212101883,573442.3242206215,0.014940847348047862,367.0,4.264705882352941,-0.03417084274072124,0
2025-10-29 00:00:00+00:00,3982.312789317544,481161348044.65594,35659878225.70066,18350154.375059888,2120983.212101883,573442.3242206215,0.014940847348047862,367.0,4.264705882352941,-0.02133270945679322,0
2025-10-30 00:00:00+00:00,3897.359267616961,470349941761.83514,33522381291.76972,18251753.87493686,2115105.672938333,570367.3085917769,0.015311053964205552,377.3333333333333,4.0606060606060606,-0.02439187576923252,0
2025-10-31 00:00:00+00:00,3802.295364533181,458793317252.3975,36685058456.47925,18251753.87493686,2115105.672938333,570367.3085917769,0.015311053964205552,377.3333333333333,4.0606060606060606,0.011835696209134383,1
2025-11-01 00:00:00+00:00,3847.298177365196,464417354244.41925,32814597904.07948,18184553.87493686,2111335.049984272,568267.3085917769,0.016238854121804074,398.83870967741933,3.7419354838709675,0.006475640223868817,1
2025-11-02 00:00:00+00:00,3872.211896195759,467387016348.6048,12518543682.642963,17917143.92493686,2087071.7546998498,559910.7476542769,0.018370435054490198,404.55555555555554,3.111111111111111,0.009783264444847894,1
2025-11-03 00:00:00+00:00,3910.094769162728,471549372393.21094,15511617607.50217,18077307.5928707,2094342.7284230618,564915.8622772094,0.018534650750484723,343.14814814814815,3.0,-0.07912321438213765,0
2025-11-04 00:00:00+00:00,3600.71550248779,434149656995.1001,47914058739.68866,18076378.825050022,2091991.117332121,564886.8382828132,0.021756950396012265,186.0,2.4782608695652173,-0.08441981651881714,0
2025-11-05 00:00:00+00:00,3296.7437604313104,397489340792.3503,68784285690.87129,18037623.472197264,2083124.7675237358,563675.7335061645,0.024966849576813676,78.8,2.1,0.039720051194466865,1
2025-11-06 00:00:00+00:00,3427.6905913706814,413918683595.6081,44374527842.85683,16568251.316989861,1875069.4260443714,517757.85365593317,0.028666265197001394,47.0625,1.5,-0.034650859896089736,0
2025-11-07 00:00:00+00:00,3308.918164921951,399007356776.52936,33880974985.82207,17169244.154217154,1940076.8174922916,536538.879819286,0.02970609853389611,38.3125,1.375,0.03790757503093678,1
2025-11-08 00:00:00+00:00,3434.3512285299594,414691375367.5941,38972602140.84989,23461611.13706518,2279357.6179109905,733175.3480332869,0.05904451648892086,44.54545454545455,1.0,-0.009577304708094814,0
2025-11-09 00:00:00+00:00,3401.4594003397083,410599145957.86835,20876971421.90155,23461611.13706518,2279357.6179109905,733175.3480332869,0.05904451648892086,44.54545454545455,1.0,,0
