date,total_wallets_per_cohort_t,weighted_retention_rate,cohort,total_wallets_per_cohort,month_1_retention,month_2_retention,month_3_retention,month_4_retention,month_5_retention,month_6_retention,month_7_retention,month_8_retention,month_9_retention,month_10_retention,month_11_retention,month_12_retention
October 13 2025,565,0,2025-10-13 00:00:00.000 UTC,565,0,0,0,0,0,0,0,0,0,0,0,0
October 06 2025,769,0.929778933680104,2025-10-06 00:00:00.000 UTC,769,0.929778933680104,0,0,0,0,0,0,0,0,0,0,0
September 29 2025,695,0.8498800959232614,2025-09-29 00:00:00.000 UTC,695,0.9064748201438849,0.8215827338129497,0,0,0,0,0,0,0,0,0,0
September 22 2025,990,0.8816498316498317,2025-09-22 00:00:00.000 UTC,990,0.9515151515151515,0.8949494949494949,0.8494949494949495,0,0,0,0,0,0,0,0,0
September 15 2025,518,0.7347490347490347,2025-09-15 00:00:00.000 UTC,518,0.8436293436293436,0.7915057915057915,0.7393822393822393,0.6756756756756757,0,0,0,0,0,0,0,0
September 08 2025,454,0.7080763582966227,2025-09-08 00:00:00.000 UTC,454,0.8458149779735683,0.7422907488986784,0.7312775330396476,0.698237885462555,0.6607929515418502,0,0,0,0,0,0,0
September 01 2025,428,0.6300623052959502,2025-09-01 00:00:00.000 UTC,428,0.8434579439252337,0.7289719626168224,0.6542056074766355,0.6378504672897196,0.6074766355140186,0.5630841121495327,0,0,0,0,0,0
August 25 2025,555,0.5765765765765766,2025-08-25 00:00:00.000 UTC,555,0.8108108108108109,0.7189189189189189,0.6414414414414414,0.5783783783783784,0.5585585585585585,0.5387387387387388,0.518918918918919,0,0,0,0,0
August 18 2025,575,0.5745893719806764,2025-08-18 00:00:00.000 UTC,575,0.8486956521739131,0.7530434782608696,0.6939130434782609,0.6104347826086957,0.5791304347826087,0.5443478260869565,0.5217391304347826,0.4991304347826087,0,0,0,0
August 11 2025,1295,0.4632689832689833,2025-08-11 00:00:00.000 UTC,1295,0.7791505791505792,0.7474903474903475,0.6131274131274131,0.661003861003861,0.6162162162162163,0.4023166023166023,0.42934362934362935,0.3806949806949807,0.28262548262548265,0,0,0
August 04 2025,1485,0.39700030609121517,2025-08-04 00:00:00.000 UTC,1485,0.9292929292929293,0.8740740740740741,0.7265993265993266,0.5811447811447812,0.432996632996633,0.3696969696969697,0.32727272727272727,0.2936026936026936,0.28215488215488216,0.3090909090909091,0,0
July 28 2025,512,0.5812322443181818,2025-07-28 00:00:00.000 UTC,512,0.908203125,0.787109375,0.7578125,0.73046875,0.681640625,0.638671875,0.5703125,0.548828125,0.513671875,0.498046875,0.49609375,0
July 21 2025,734,0.558181373576469,2025-07-21 00:00:00.000 UTC,734,0.8501362397820164,0.7997275204359673,0.7534059945504087,0.7002724795640327,0.6689373297002725,0.6321525885558583,0.6008174386920981,0.5435967302452316,0.5163487738419619,0.48501362397820164,0.47547683923705725,0.4673024523160763
July 14 2025,879,0.5164085061695983,2025-07-14 00:00:00.000 UTC,879,0.9374288964732651,0.8373151308304891,0.7281001137656428,0.6825938566552902,0.6291240045506257,0.6052332195676906,0.5517633674630261,0.5176336746302617,0.48236632536973834,0.4641638225255973,0.40273037542662116,0.3799772468714448
July 07 2025,544,0.48920625942684776,2025-07-07 00:00:00.000 UTC,544,0.8731617647058824,0.7702205882352942,0.7261029411764706,0.6378676470588235,0.5863970588235294,0.5220588235294118,0.5036764705882353,0.4889705882352941,0.4834558823529412,0.42830882352941174,0.40808823529411764,0.36580882352941174
June 30 2025,581,0.5421245421245422,2025-06-30 00:00:00.000 UTC,581,0.9070567986230637,0.8055077452667814,0.7401032702237521,0.6764199655765921,0.6402753872633391,0.6230636833046471,0.5662650602409639,0.540447504302926,0.5094664371772806,0.48709122203098104,0.4578313253012048,0.4268502581755594
June 23 2025,424,0.6321964199322689,2025-06-23 00:00:00.000 UTC,424,0.8891509433962265,0.8443396226415094,0.7830188679245284,0.7193396226415094,0.6792452830188679,0.6580188679245284,0.6344339622641509,0.6202830188679245,0.6132075471698113,0.6014150943396226,0.5849056603773585,0.5660377358490566
June 16 2025,358,0.5780690445494916,2025-06-16 00:00:00.000 UTC,358,0.888268156424581,0.8100558659217877,0.7793296089385475,0.6871508379888268,0.6424581005586593,0.6005586592178771,0.6033519553072626,0.5614525139664804,0.547486033519553,0.5391061452513967,0.5223463687150838,0.49162011173184356
June 09 2025,397,0.6547180778918814,2025-06-09 00:00:00.000 UTC,397,0.853904282115869,0.7758186397984886,0.743073047858942,0.7632241813602015,0.7153652392947103,0.6851385390428212,0.6649874055415617,0.6523929471032746,0.6322418136020151,0.6322418136020151,0.6120906801007556,0.5894206549118388
June 02 2025,608,0.6282473009446693,2025-06-02 00:00:00.000 UTC,608,0.8832236842105263,0.8125,0.7648026315789473,0.7450657894736842,0.7417763157894737,0.7384868421052632,0.71875,0.6036184210526315,0.5740131578947368,0.569078947368421,0.5444078947368421,0.53125
May 26 2025,387,0.5544623335321011,2025-05-26 00:00:00.000 UTC,387,0.8036175710594315,0.7028423772609819,0.661498708010336,0.6175710594315246,0.6124031007751938,0.6098191214470284,0.6046511627906976,0.5710594315245479,0.524547803617571,0.5116279069767442,0.49612403100775193,0.4806201550387597
May 19 2025,433,0.61165393497957,2025-05-19 00:00:00.000 UTC,433,0.8960739030023095,0.8314087759815243,0.7736720554272517,0.7297921478060047,0.6859122401847575,0.6651270207852193,0.6535796766743649,0.6327944572748267,0.6189376443418014,0.5773672055427251,0.5750577367205543,0.43187066974595845
May 12 2025,530,0.6506773101112723,2025-05-12 00:00:00.000 UTC,530,0.8735849056603774,0.8113207547169812,0.7641509433962265,0.7339622641509433,0.7113207547169811,0.6358490566037736,0.6622641509433962,0.6566037735849056,0.6264150943396226,0.6226415094339622,0.6094339622641509,0.6
May 05 2025,569,0.5955116939299716,2025-05-05 00:00:00.000 UTC,569,0.8629173989455184,0.7943760984182777,0.7398945518453427,0.6994727592267135,0.6379613356766256,0.6115992970123023,0.5992970123022847,0.5834797891036907,0.5782073813708261,0.5676625659050967,0.5500878734622144,0.5272407732864675
April 28 2025,494,0.5874338212394892,2025-04-28 00:00:00.000 UTC,494,0.8744939271255061,0.7591093117408907,0.7206477732793523,0.6761133603238867,0.6417004048582996,0.6214574898785425,0.5951417004048583,0.5769230769230769,0.5688259109311741,0.5607287449392713,0.5404858299595142,0.5141700404858299
April 21 2025,447,0.5328400160614927,2025-04-21 00:00:00.000 UTC,447,0.814317673378076,0.738255033557047,0.6778523489932886,0.6308724832214765,0.5928411633109619,0.5659955257270693,0.5458612975391499,0.5100671140939598,0.5145413870246085,0.49217002237136465,0.48322147651006714,0.465324384787472
April 14 2025,478,0.565604548868147,2025-04-14 00:00:00.000 UTC,478,0.9079497907949791,0.7866108786610879,0.7280334728033473,0.7092050209205021,0.6882845188284519,0.6485355648535565,0.6380753138075314,0.5167364016736402,0.5125523012552301,0.49581589958158995,0.4874476987447699,0.4790794979079498
April 07 2025,380,0.6153846153846154,2025-04-07 00:00:00.000 UTC,380,0.9,0.8289473684210527,0.781578947368421,0.7026315789473684,0.6578947368421053,0.6394736842105263,0.6289473684210526,0.6052631578947368,0.5868421052631579,0.5842105263157895,0.5657894736842105,0.5473684210526316
March 31 2025,565,0.692648059904697,2025-03-31 00:00:00.000 UTC,565,0.9026548672566371,0.8477876106194691,0.8283185840707965,0.7805309734513274,0.7221238938053097,0.7061946902654868,0.695575221238938,0.6884955752212389,0.6761061946902654,0.6654867256637168,0.647787610619469,0.6442477876106195
March 24 2025,459,0.6358024691358023,2025-03-24 00:00:00.000 UTC,459,0.8997821350762527,0.7930283224400871,0.7363834422657952,0.7080610021786492,0.6775599128540305,0.6710239651416122,0.6579520697167756,0.6383442265795207,0.6252723311546841,0.599128540305011,0.5882352941176471,0.5708061002178649
March 17 2025,444,0.5797239547239548,2025-03-17 00:00:00.000 UTC,444,0.8918918918918919,0.7882882882882883,0.7252252252252253,0.6756756756756757,0.6666666666666666,0.6396396396396397,0.6328828828828829,0.6036036036036037,0.5585585585585585,0.5337837837837838,0.49099099099099097,0.47297297297297297
March 10 2025,380,0.60944669365722,2025-03-10 00:00:00.000 UTC,380,0.8842105263157894,0.781578947368421,0.7236842105263158,0.6657894736842105,0.6342105263157894,0.6526315789473685,0.6210526315789474,0.6157894736842106,0.6,0.5763157894736842,0.5631578947368421,0.5447368421052632
March 03 2025,464,0.6324325817860301,2025-03-03 00:00:00.000 UTC,464,0.8900862068965517,0.8168103448275862,0.7672413793103449,0.7025862068965517,0.6702586206896551,0.6443965517241379,0.6422413793103449,0.6228448275862069,0.6357758620689655,0.6142241379310345,0.5732758620689655,0.5689655172413793
February 24 2025,521,0.619961612284069,2025-02-24 00:00:00.000 UTC,521,0.9021113243761996,0.800383877159309,0.7869481765834933,0.7408829174664108,0.6852207293666027,0.6218809980806143,0.6007677543186181,0.6295585412667947,0.6122840690978887,0.6065259117082533,0.5508637236084453,0.5412667946257198
February 17 2025,834,0.6084363278607884,2025-02-17 00:00:00.000 UTC,834,0.8693045563549161,0.8033573141486811,0.7386091127098321,0.7314148681055156,0.7254196642685852,0.6726618705035972,0.6019184652278178,0.5971223021582733,0.6330935251798561,0.5995203836930456,0.5635491606714629,0.4412470023980815
February 10 2025,862,0.5746326372776489,2025-02-10 00:00:00.000 UTC,862,0.8979118329466357,0.7819025522041764,0.740139211136891,0.679814385150812,0.648491879350348,0.62877030162413,0.5974477958236659,0.5672853828306265,0.5568445475638051,0.5452436194895591,0.4872389791183295,0.48839907192575405
February 03 2025,1097,0.6325175887618915,2025-02-03 00:00:00.000 UTC,1097,0.9489516864175023,0.8113035551504102,0.7484047402005469,0.7101185050136737,0.6809480401093893,0.6736554238833181,0.6599817684594348,0.6298997265268915,0.5989061075660893,0.585232452142206,0.5834092980856882,0.5761166818596172
January 27 2025,2060,0.557294000497884,2025-01-27 00:00:00.000 UTC,2060,0.8645631067961165,0.829611650485437,0.7572815533980582,0.6684466019417475,0.6349514563106796,0.5980582524271845,0.5776699029126213,0.5548543689320389,0.5111650485436893,0.49029126213592233,0.487378640776699,0.49077669902912624
January 20 2025,1374,0.49359907438510064,2025-01-20 00:00:00.000 UTC,1374,0.7125181950509462,0.665938864628821,0.6433770014556041,0.611353711790393,0.5771470160116449,0.5596797671033479,0.5320232896652111,0.5232896652110626,0.5109170305676856,0.4359534206695779,0.3937409024745269,0.3864628820960699
January 13 2025,4507,0.5137080211409033,2025-01-13 00:00:00.000 UTC,4507,0.9793654315509208,0.9167960949633903,0.864211226980253,0.8524517417350788,0.6015087641446638,0.5282893277124473,0.5098735300643443,0.4734856889283337,0.46483248280452627,0.4370978477923231,0.40936321278011983,0.38850676725094296
January 06 2025,2994,0.6694500111333779,2025-01-06 00:00:00.000 UTC,2994,0.845691382765531,0.8336673346693386,0.8032732130928524,0.7541750167000668,0.738810955243821,0.7187708750835003,0.6907147628590514,0.6636606546426186,0.6442885771543087,0.6275885103540414,0.6172344689378757,0.6052104208416834
December 30 2024,3029,0.528057834099432,2024-12-30 00:00:00.000 UTC,3029,0.9379333113238693,0.8857708814790359,0.8722350610762628,0.8111587982832618,0.751733245295477,0.7312644437107957,0.5714757345658633,0.49686365137008914,0.4470122152525586,0.38560581049851433,0.3799933971607791,0.36975899636843845
December 23 2024,2683,0.6298919120387627,2024-12-23 00:00:00.000 UTC,2683,0.9496831904584421,0.9116660454714871,0.8729034662691018,0.8449496831904585,0.7897875512486023,0.7070443533358182,0.6835631755497578,0.6164740961610138,0.5747297800969065,0.5423033917256802,0.519194931047335,0.5121133060007454
December 16 2024,2377,0.443685749112758,2024-12-16 00:00:00.000 UTC,2377,0.6133782078249895,0.580143037442154,0.5675220866638621,0.5536390408077408,0.5586874211190577,0.4909549852755574,0.4724442574673959,0.4627681952040387,0.41607067732435843,0.3937736642827093,0.37904922170803534,0.359697097181321
December 09 2024,1938,0.6000171998624011,2024-12-09 00:00:00.000 UTC,1938,0.8591331269349846,0.7776057791537667,0.7585139318885449,0.7409700722394221,0.7033023735810113,0.6878224974200207,0.6341589267285862,0.6062951496388029,0.5856553147574819,0.5485036119711042,0.5041279669762642,0.49277605779153766
December 02 2024,2053,0.44214220590255665,2024-12-02 00:00:00.000 UTC,2053,0.901607403799318,0.7959084266926449,0.5133950316609839,0.5007306380905991,0.48563078421821726,0.4719922065270336,0.4695567462250365,0.4310764734534827,0.415002435460302,0.40818314661471017,0.3867510959571359,0.3653190452995616
November 25 2024,1721,0.49278147767398195,2024-11-25 00:00:00.000 UTC,1721,0.9535153980244044,0.8965717606042998,0.6658919233004067,0.5339918651946542,0.5421266705403835,0.5031958163858222,0.5014526438117374,0.5479372457873329,0.4694944799535154,0.431725740848344,0.41313190005810574,0.40383497966298665
November 18 2024,1676,0.423390551373845,2024-11-18 00:00:00.000 UTC,1676,0.6420047732696897,0.6676610978520287,0.6372315035799523,0.619928400954654,0.4743436754176611,0.45823389021479716,0.42422434367541767,0.44331742243436756,0.43914081145584727,0.3532219570405728,0.3347255369928401,0.32100238663484487
November 11 2024,1282,0.5360914436577463,2024-11-11 00:00:00.000 UTC,1282,0.9126365054602185,0.8611544461778471,0.828393135725429,0.7215288611544461,0.7098283931357254,0.5374414976599063,0.5195007800312013,0.5140405616224649,0.5078003120124805,0.500780031201248,0.45709828393135726,0.39001560062402496
November 04 2024,2541,0.6062170153079243,2024-11-04 00:00:00.000 UTC,2541,0.918142463597009,0.9020070838252656,0.8457300275482094,0.8162140889413617,0.768595041322314,0.695789059425423,0.5564738292011019,0.5395513577331759,0.5395513577331759,0.5407319952774499,0.5820543093270366,0.4887839433293979
October 28 2024,3022,0.6579230938926505,2024-10-28 00:00:00.000 UTC,3022,0.9185969556585043,0.8798808735936466,0.8626737260092654,0.8093977498345467,0.78656518861681,0.7677035076108537,0.699205823957644,0.6019192587690272,0.5817339510258107,0.5774321641297154,0.5731303772336201,0.6042356055592323
October 21 2024,3267,0.6250147159238068,2024-10-21 00:00:00.000 UTC,3267,0.9381695745332109,0.8809305172941536,0.8451178451178452,0.8377716559534741,0.7744107744107744,0.7361493725130088,0.699418426691154,0.640342822161004,0.5258647076828895,0.5191307009488828,0.5188246097337006,0.5188246097337006
October 14 2024,2223,0.455828921415966,2024-10-14 00:00:00.000 UTC,2223,0.7390913180386864,0.6491228070175439,0.6041385515069726,0.5681511470985156,0.5384615384615384,0.50472334682861,0.48942869995501576,0.46468735942420153,0.41655420602789023,0.394961763382816,0.3882141250562303,0.3832658569500675
October 07 2024,3053,0.4941419536899393,2024-10-07 00:00:00.000 UTC,3053,0.876842450049132,0.7743203406485424,0.6898132983950213,0.6495250573206682,0.6003930560104815,0.5876187356698329,0.5214543072387815,0.4965607599082869,0.45856534556174255,0.4277759580740256,0.38912545037667867,0.38453979692106127
September 30 2024,2954,0.4432972241029113,2024-09-30 00:00:00.000 UTC,2954,0.7081922816519973,0.6509817197020988,0.5920785375761679,0.556194989844279,0.5389302640487474,0.4955991875423155,0.4942450914014895,0.456668923493568,0.41367637102234256,0.3906567366283006,0.3676371022342586,0.3425863236289777
September 23 2024,2014,0.5283082524889873,2024-09-23 00:00:00.000 UTC,2014,0.9051638530287984,0.7149950347567031,0.7075471698113207,0.6385302879841113,0.5883813306852036,0.5734856007944389,0.5427010923535254,0.5253227408142999,0.5024826216484608,0.4781529294935452,0.4672293942403178,0.4473684210526316
September 16 2024,2873,0.5452042446473354,2024-09-16 00:00:00.000 UTC,2873,0.8478941872607031,0.818308388444135,0.7535676992690568,0.6703793943612948,0.6247824573616428,0.5955447267664462,0.5635224504002785,0.5294117647058824,0.5273233553776541,0.4904281239122868,0.46745562130177515,0.45248868778280543
September 09 2024,3561,0.5095622808343954,2024-09-09 00:00:00.000 UTC,3561,0.9008705419825892,0.7854535242909295,0.7495085650098287,0.6571187868576243,0.6037629879247403,0.5574276888514462,0.5178320696433586,0.4931199101376018,0.46082561078348777,0.4554900308901994,0.42881213142375735,0.42038753159224934
September 02 2024,2760,0.6244611668524711,2024-09-02 00:00:00.000 UTC,2760,0.8923913043478261,0.8481884057971014,0.7681159420289855,0.7402173913043478,0.7115942028985507,0.6818840579710145,0.6663043478260869,0.6170289855072464,0.592391304347826,0.5782608695652174,0.5576086956521739,0.5297101449275362
August 26 2024,2490,0.6249201935948925,2024-08-26 00:00:00.000 UTC,2490,0.8979919678714859,0.814859437751004,0.7759036144578313,0.7176706827309237,0.691566265060241,0.672289156626506,0.6634538152610442,0.6445783132530121,0.6092369477911647,0.5811244979919679,0.5859437751004016,0.4987951807228916
August 19 2024,4595,0.5333054323261069,2024-08-19 00:00:00.000 UTC,4595,0.6748639825897715,0.6274211099020675,0.5963003264417845,0.585854189336235,0.6108813928182807,0.5477693144722524,0.5262241566920566,0.5586507072905332,0.5190424374319913,0.4872687704026115,0.499455930359086,0.5003264417845484
August 12 2024,4434,0.6204763887443183,2024-08-12 00:00:00.000 UTC,4434,0.8921966621560667,0.7487595850248083,0.7099684258006315,0.6860622462787551,0.6799729364005412,0.6540369869192603,0.6283265674334686,0.6188543076229138,0.6224627875507442,0.5942715381145692,0.5678845286423094,0.5557059088858818
August 05 2024,3518,0.6204647162577803,2024-08-05 00:00:00.000 UTC,3518,0.8928368391131325,0.7885162023877202,0.7333712336554861,0.709494030699261,0.6841955656623081,0.6759522455940875,0.6480955088118249,0.6256395679363275,0.610574189880614,0.6060261512222854,0.5486071631608869,0.5233086981239341
July 29 2024,5638,0.6129060132252754,2024-07-29 00:00:00.000 UTC,5638,0.8676835757360766,0.8205037247250798,0.7059240865555162,0.6598084427101809,0.6417169208939341,0.6335579992905286,0.6261085491308975,0.6099680737850302,0.5920539198297269,0.584959205391983,0.5782192266761262,0.5608371763036538
July 22 2024,10300,0.5819330346029375,2024-07-22 00:00:00.000 UTC,10300,0.8890291262135922,0.8060194174757281,0.7479611650485437,0.6472815533980583,0.6015533980582525,0.588252427184466,0.5797087378640776,0.58,0.5647572815533981,0.5474757281553398,0.5353398058252428,0.5312621359223301
July 15 2024,10385,0.7518079577299607,2024-07-15 00:00:00.000 UTC,10385,0.9047664901299952,0.8579682233991334,0.8186807896003852,0.8086663456909003,0.7965334617236398,0.7752527684159846,0.7630235917188253,0.7532017332691382,0.7374097255657198,0.7331728454501685,0.7170919595570534,0.7060182956186808
July 08 2024,13835,0.8079712360883304,2024-07-08 00:00:00.000 UTC,13835,0.966389591615468,0.9335742681604626,0.906035417419588,0.8699674737983375,0.8534152511745573,0.8347668955547525,0.8171304662088905,0.8046982291290206,0.7935670401156487,0.786628117094326,0.7726779906035417,0.7541019154318757
July 01 2024,11480,0.8135084427767355,2024-07-01 00:00:00.000 UTC,11480,0.9577526132404182,0.9319686411149826,0.9066202090592335,0.8869337979094076,0.8621080139372822,0.8432055749128919,0.827787456445993,0.8098432055749128,0.7986062717770035,0.7861498257839721,0.7770905923344947,0.7603658536585366
June 24 2024,14928,0.7992354755819386,2024-06-24 00:00:00.000 UTC,14928,0.9614147909967846,0.920083065380493,0.9042738478027867,0.8818327974276527,0.8603965702036441,0.8288451232583065,0.8191988210075026,0.8045953912111469,0.7869774919614148,0.7610530546623794,0.7516747052518756,0.7408896034297964
June 17 2024,5692,0.7407247238589474,2024-06-17 00:00:00.000 UTC,5692,0.8912508784258608,0.8441672522839072,0.8225579761068166,0.817111735769501,0.7907589599437808,0.7745959241040056,0.7507027406886859,0.7359451862262825,0.7262825017568517,0.7146872803935348,0.7015108924806747,0.6930780042164442
June 10 2024,2464,0.6195471195471196,2024-06-10 00:00:00.000 UTC,2464,0.9172077922077922,0.8262987012987013,0.7828733766233766,0.7219967532467533,0.7118506493506493,0.6603084415584416,0.6440746753246753,0.6132305194805194,0.5876623376623377,0.5681818181818182,0.5568181818181818,0.5405844155844156
June 03 2024,5009,0.6151900937287241,2024-06-03 00:00:00.000 UTC,5009,0.9103613495707726,0.8329007785985226,0.7897783988820124,0.7652225993212218,0.7376721900578957,0.7278897983629466,0.5903373926931523,0.581952485526053,0.5667797963665402,0.5540027949690557,0.5460171690956279,0.540626871631064
May 27 2024,8237,0.7235239367083486,2024-05-27 00:00:00.000 UTC,8237,0.948524948403545,0.9116183076362754,0.8751972805633119,0.8409615151147263,0.8289425761806483,0.8138885516571567,0.8053903120067986,0.7201651086560641,0.6915139006919995,0.6473230545101372,0.6393104285540853,0.6264416656549715
May 20 2024,3953,0.5601523023734003,2024-05-20 00:00:00.000 UTC,3953,0.7654945610928409,0.7315962560080951,0.7012395648874272,0.6615228940045536,0.6329370098659246,0.6056159878573235,0.5681760688084999,0.5747533518846446,0.5509739438401214,0.5261826460915761,0.4862130027826967,0.4809005818365798
May 13 2024,2989,0.6725214676034349,2024-05-13 00:00:00.000 UTC,2989,0.9069923051187688,0.8531281365005018,0.8169956507193041,0.798260287721646,0.7534292405486784,0.7373703579792573,0.7259953161592506,0.6831716293074607,0.6497156239544999,0.6249581799933088,0.5874874539979926,0.5751087320173971
May 06 2024,7265,0.36705137028605717,2024-05-06 00:00:00.000 UTC,7265,0.49855471438403304,0.4791465932553338,0.4567102546455609,0.43688919476944255,0.4239504473503097,0.4137646249139711,0.3910529938059188,0.3859600825877495,0.35898141775636616,0.3489332415691672,0.3086028905712319,0.2927735719201652
April 29 2024,3898,0.7334431858546788,2024-04-29 00:00:00.000 UTC,3898,0.9386865059004618,0.8981528989225244,0.8850692662904054,0.8653155464340687,0.8281169830682401,0.8034889687018985,0.7829656233966137,0.7221652129297076,0.7008722421754746,0.677013853258081,0.6654694715238584,0.6449461262185736
April 22 2024,5660,0.7815710790975811,2024-04-22 00:00:00.000 UTC,5660,0.9386925795053004,0.8938162544169611,0.8507067137809188,0.8443462897526501,0.8287985865724382,0.8030035335689046,0.7920494699646643,0.7858657243816255,0.7644876325088339,0.7508833922261484,0.7485865724381625,0.7408127208480565
April 15 2024,5147,0.6675534167276931,2024-04-15 00:00:00.000 UTC,5147,0.8902273168836216,0.86458130950068,0.7435399261705848,0.7246939965028172,0.7171167670487663,0.706236642704488,0.6858364095589664,0.6934136390130173,0.6770934524965999,0.6211385272974548,0.6087040994754226,0.5956868078492326
April 08 2024,9092,0.5957717125227024,2024-04-08 00:00:00.000 UTC,9092,0.8934227892652882,0.7866256049274087,0.7613286405631324,0.6824681038275406,0.6604707435107787,0.6593708754949406,0.6251649802023758,0.5940387153541575,0.5732512098548174,0.5574131104267488,0.5240871095468543,0.508688957325121
April 01 2024,10218,0.6230031467847087,2024-04-01 00:00:00.000 UTC,10218,0.9547856723429242,0.813662164807203,0.7470150714425523,0.735173223722842,0.6735173223722842,0.6278136621648072,0.6283029947152085,0.6105891563906831,0.5989430416911333,0.590624388334312,0.5876883930319045,0.5543159130945391
March 25 2024,14679,0.7014468602451434,2024-03-25 00:00:00.000 UTC,14679,0.9544928128619116,0.9218611622045099,0.832141154029566,0.7564547993732543,0.7469854894747598,0.7071326384631106,0.6877852714762586,0.6879896450711901,0.6821309353498195,0.6724572518563935,0.6653041760337898,0.6595135908440629
March 18 2024,6816,0.5575681654026725,2024-03-18 00:00:00.000 UTC,6816,0.943368544600939,0.8993544600938967,0.8556338028169014,0.7348884976525821,0.596830985915493,0.5887617370892019,0.5548708920187794,0.5178990610328639,0.5171654929577465,0.5041079812206573,0.48899647887323944,0.4686032863849765
March 11 2024,4143,0.673808772288135,2024-03-11 00:00:00.000 UTC,4143,0.8100410330678253,0.7726285300506879,0.7518706251508569,0.7410089307265266,0.7253198165580497,0.6920106203234371,0.6731836833212648,0.6613565049481053,0.6560463432295438,0.6507361815109823,0.6466328747284577,0.6396331160994448
March 04 2024,2350,0.6899181669394435,2024-03-04 00:00:00.000 UTC,2350,0.8782978723404256,0.754468085106383,0.7395744680851064,0.7672340425531915,0.7680851063829788,0.7425531914893617,0.6880851063829787,0.6782978723404255,0.656595744680851,0.6459574468085106,0.6651063829787234,0.6595744680851063
February 26 2024,4877,0.6187152673722286,2024-02-26 00:00:00.000 UTC,4877,0.9442280090219397,0.8628255074841091,0.7803977855238876,0.7627639942587656,0.7613286856674185,0.7104777527168341,0.6647529218782038,0.5706376871027271,0.5612056592167316,0.5374205454172647,0.52901373795366,0.5554644248513431
February 19 2024,6182,0.7551410629702444,2024-02-19 00:00:00.000 UTC,6182,0.9671627305079262,0.9335166612746684,0.9000323519896474,0.8366224522808152,0.8089615011323197,0.8322549336784212,0.8259462956971854,0.806858621805241,0.7096408929149143,0.6971853769006794,0.6779359430604982,0.6607893885473957
February 12 2024,10054,0.7051371312859278,2024-02-12 00:00:00.000 UTC,10054,0.9745374975134274,0.9562363238512035,0.9297791923612493,0.882733240501293,0.8070419733439427,0.7479610105430674,0.7365227770041775,0.72657648697036,0.7081758504077978,0.6189576288044559,0.608712950069624,0.586930574895564
February 05 2024,15541,0.8037597818178218,2024-02-05 00:00:00.000 UTC,15541,0.9788301911073933,0.9621645968727881,0.9366192651695515,0.9260665336850911,0.9094652853741716,0.8512322244385818,0.7988546425583939,0.7875297599897046,0.7752396885657293,0.7669390644102696,0.7487935139308924,0.7371469017437745
January 29 2024,13550,0.8135263506481218,2024-01-29 00:00:00.000 UTC,13550,0.9828782287822878,0.9610332103321033,0.9268634686346864,0.9162361623616236,0.9081180811808118,0.8912177121771218,0.8227306273062731,0.7966051660516605,0.7897416974169742,0.7713653136531365,0.7569741697416974,0.7447232472324723
January 22 2024,10394,0.8193755766393827,2024-01-22 00:00:00.000 UTC,10394,0.9788339426592265,0.9520877429286126,0.9402539926880893,0.9312103136424861,0.9196651914566096,0.9113911872233981,0.9010005772561093,0.8192226284394843,0.7722724648835867,0.7539926880892823,0.748123917644795,0.7362901674042717
January 15 2024,5907,0.8350739887052736,2024-01-15 00:00:00.000 UTC,5907,0.9832402234636871,0.968173353648214,0.9558151345860844,0.9456576942610462,0.9370238699847638,0.9243270695784662,0.9155239546300998,0.9014728288471305,0.7951582867783985,0.7580836295920095,0.7392923649906891,0.7370915862535974
January 08 2024,4130,0.8976376730614019,2024-01-08 00:00:00.000 UTC,4130,0.9830508474576272,0.9670702179176756,0.9571428571428572,0.9489104116222761,0.9479418886198547,0.9389830508474576,0.9283292978208233,0.9200968523002422,0.9142857142857143,0.8704600484261501,0.8438256658595642,0.8319612590799031
January 01 2024,2057,0.9007204916295826,2024-01-01 00:00:00.000 UTC,2057,0.9703451628585319,0.966456003889159,0.9606222654350997,0.9518716577540107,0.9450656295576082,0.9333981526494896,0.924161400097229,0.9168692270296548,0.9120077783179388,0.9037433155080213,0.8556149732620321,0.8230432668935342
December 25 2023,3085,0.9153887711424179,2023-12-25 00:00:00.000 UTC,3085,0.9792544570502432,0.9662884927066451,0.9585089141004862,0.9523500810372771,0.9452188006482982,0.9367909238249594,0.9303079416531604,0.9254457050243112,0.9179902755267423,0.9157212317666127,0.9102106969205834,0.8424635332252837
December 18 2023,2783,0.9244451200972938,2023-12-18 00:00:00.000 UTC,2783,0.9759252605102408,0.9637082285303629,0.9561624146604384,0.95400646784046,0.9511318720804887,0.9414301113905857,0.932806324110672,0.9288537549407114,0.9227452389507725,0.9134028027308659,0.9044196909809558,0.8972332015810277
December 11 2023,1212,0.8982821359058982,2023-12-11 00:00:00.000 UTC,1212,0.9579207920792079,0.929042904290429,0.9125412541254125,0.9067656765676567,0.905940594059406,0.9042904290429042,0.9108910891089109,0.8993399339933993,0.9018151815181518,0.8910891089108911,0.8861386138613861,0.8820132013201321
December 04 2023,858,0.9104506604506605,2023-12-04 00:00:00.000 UTC,858,0.9836829836829837,0.9498834498834499,0.9382284382284383,0.9300699300699301,0.921911421911422,0.9195804195804196,0.9242424242424242,0.9230769230769231,0.9032634032634033,0.9020979020979021,0.8916083916083916,0.8881118881118881
November 27 2023,1041,0.9098746274538783,2023-11-27 00:00:00.000 UTC,1041,0.9702209414024976,0.9634966378482228,0.9414024975984631,0.914505283381364,0.9106628242074928,0.9087415946205571,0.9135446685878963,0.9154658981748319,0.920268972142171,0.9125840537944284,0.9020172910662824,0.878001921229587
November 20 2023,1150,0.8354403567447045,2023-11-20 00:00:00.000 UTC,1150,0.9886956521739131,0.9078260869565218,0.9,0.8608695652173913,0.8452173913043478,0.8321739130434782,0.8226086956521739,0.8217391304347826,0.8269565217391305,0.831304347826087,0.8226086956521739,0.8217391304347826
